,inst,adjBidPx,adjBidStatus,adjBidTime,adjMidPx,adjMidVW,adjMidStatus,adjMidTime,adjAskPx,adjAskStatus,adjAskTime,adjLastPx,adjLastStatus,adjLastTime,LastBestBidPx,LastBestBidSz,LastBestBidTime,LastBestAskPx,LastBestAskSz,LastBestAskTime,EventTime,BidPx,BidPrice,BidSz,AskPx,AskPrice,AskSz,TimeInForce,QuoteTime,TradePx,TradePrice,TradeSz,TradeTime,insertTime,Status,Source,refYield,quoteType,contractId,settlementDate,ClosePx,CloseTime,EventType,Price,Size,Time,RealBidPx,RealBidSz,RealBidSc,BidLastRefreshTime,RealAskPx,RealAskSz,RealAskSc,AskLastRefreshTime,LastFuncCallTime,ZSpread,ValidToTime,LastThresholdUseTime,check,diff,diffNum,date
0,150201.IB,3.5,indic/guess,43102.5733217593,3.4025,3.3000000004000003,Wide,43102.61031875,3.3,indic/guess,43102.7205497569,3.4,estimated,43102.61031875,3.92,0.1,1/2/2018 3:46:24 PM,3.3,0.1,43102.7205497569,43102.7206076968,-,-,0.1,-,-,0.1,60,43102.7206076968,-,-,0,-,43103.1287241782,Quote withdrawn,CFIC-wind,-,YIELD,,-,-,-,-,-,-,-,-,-,-,1/2/2018 5:17:40 PM,-,-,-,1/2/2018 5:17:40 PM,-,-,-,-,False,0.610318749997532,0.610318749997532,43102
121,150201.IB,5.8,indic/guess,43098.4210300926,5.7975,5.742857142857139,Wide,43098.408842592595,5.6,real,43098.4293178125,5.8,estimated,43098.408842592595,5.8,20000000.0,12/29/2017 10:06:17 AM,5.6,10000000.0,43098.4293178125,43098.4293178125,-,-,0.1,5.6,-,10000000.0,60,43098.4293178125,-,-,0,-,43102.1309012732,AskOnly,CFIC-wind,-,YIELD,,-,-,-,-,-,-,-,-,-,-,12/29/2017 10:18:13 AM,-,-,-,12/29/2017 10:18:13 AM,-,-,-,-,False,0.40884259259473765,0.40884259259473765,43098
186,150201.IB,5.6,indic/guess,43097.470717592594,5.5975,5.55833333333333,Wide,43097.4327223727,5.5,indic/guess,43097.4692824074,5.6,estimated,43096.6141703588,5.6,50000000.0,12/28/2017 11:17:50 AM,4.0,70000000.0,43097.4705439815,43097.479409722204,-,-,0.1,-,-,0.1,60,43097.479409722204,-,-,0,-,43102.01813375,Quote withdrawn,TPSC-qb,-,YIELD,,-,-,-,-,-,-,-,-,-,-,12/28/2017 11:30:21 AM,-,-,-,12/28/2017 11:30:21 AM,-,-,-,-,False,0.4327223727013916,0.4327223727013916,43097
203,150201.IB,5.65,indic/old,43097.429293634304,5.6025,5.6499999997857095,Wide,43096.6141703588,5.5,real,43097.430162037,5.6,estimated,43096.6141703588,5.65,0.1,12/28/2017 10:18:10 AM,5.5,70000000.0,43097.430162037,43097.430162037,-,-,0.1,5.5,-,70000000.0,60,43097.430162037,-,-,0,-,43102.0181366088,AskOnly,TPSC-qb,-,YIELD,,-,-,-,-,-,-,-,-,-,-,12/28/2017 10:19:26 AM,-,-,-,12/28/2017 10:19:26 AM,-,-,-,-,False,0.6141703588000382,0.6141703588000382,43096
314,150213.IB,3.72,indic/old,43328.6320949074,3.6525,3.67,Wide,43328.612349537005,3.65,indic/old,43332.440405092595,3.65,estimated,43328.612349537005,3.79,3000.0,8/20/2018 9:40:36 AM,3.65,5000.0,43332.440405092595,43332.4528399306,-,-,0.1,-,-,0.1,60,43332.4528399306,-,-,0,-,43332.4528777546,"Ignored/ask,bid,",cfets,-,PRICE,150213.IB_PKBond,8/21/2018 12:00:00 AM,-,-,-,-,-,-,-,-,-,8/20/2018 10:52:05 AM,-,-,-,8/20/2018 10:52:05 AM,-,-,-,-,False,0.6123495370047749,0.6123495370047749,43328
37,150216.IB,3.905,indic/old,43329.4096050116,3.9025,3.9049990001999597,average,43334.4055526968,3.9,real,43334.4051815625,3.9,estimated,43329.4096050116,4.2600000584696005,50000000.0,8/22/2018 9:25:14 AM,3.83,5000.0,43334.4055526968,43334.4055526968,-,-,0.1,3.83,-,5000.0,60,43334.4055526968,-,-,0,-,43334.4055553472,AskOnly,CFIC-wind,-,YIELD,,-,-,-,-,-,-,-,-,-,-,8/22/2018 9:43:59 AM,-,-,-,8/22/2018 9:43:59 AM,-,-,-,-,False,0.4055526968004415,0.4055526968004415,43334
93,150216.IB,3.905,indic/old,43329.4096050116,3.9025,3.9049990001999597,Tight,43332.4131481481,3.9,indic/old,43329.4139958796,3.9,estimated,43329.4096050116,4.1600036782920595,50000000.0,8/20/2018 9:54:56 AM,3.6938872577563195,30000000.0,43332.4131481481,43332.4131481481,4.16000367829206,99.2174,50000000.0,3.69388725775632,100.8685,30000000.0,60,43332.4131481481,-,-,0,-,43332.4131787963,TwoSide,cfets,-,PRICE,150216.IB_PKBond,8/21/2018 12:00:00 AM,-,-,-,-,-,-,-,-,-,8/20/2018 9:54:56 AM,-,-,-,8/20/2018 9:54:56 AM,-,-,-,-,False,0.4131481481017545,0.4131481481017545,43332
101,150216.IB,3.905,indic/old,43329.4096050116,3.9025,3.9049990001999597,average,43329.4139958796,3.9,indic/old,43329.4139958796,3.9,estimated,43329.4096050116,4.08000613717172,50000000.0,8/17/2018 9:21:16 AM,3.9,5000.0,43329.4139958796,43329.4139958796,-,-,0.1,-,-,0.1,60,43329.4139958796,-,-,0,-,43329.7918567824,Quote withdrawn,CFIC-wind,-,YIELD,,-,-,-,-,-,-,-,-,-,-,8/17/2018 9:56:09 AM,-,-,-,8/17/2018 9:56:09 AM,-,-,-,-,False,0.4139958796004066,0.4139958796004066,43329
63,150217.IB,1.905,indic/old,43329.479547905095,1.9025,1.90166666666667,average,43332.406875,1.9,indic/old,43332.3904558218,1.9,real,43332.3904558218,2.4,5000.0,8/20/2018 9:45:54 AM,1.9,5000.0,43332.3904558218,43332.406875,2.4,-,5000.0,-,-,0.1,60,43332.406875,-,-,0,-,43332.4068785185,BidOnly,TPSC-qb,-,YIELD,,-,-,-,-,-,-,-,-,-,-,8/20/2018 9:45:54 AM,-,-,-,8/20/2018 9:45:54 AM,-,-,-,-,False,0.4068750000005821,0.4068750000005821,43332
91,150217.IB,1.905,indic/old,43329.479547905095,1.9025,1.90499900019996,average,43329.6137615741,1.9,indic/old,43329.6124936227,1.9,real,43329.6123756944,1.95,5000.0,8/17/2018 2:41:23 PM,1.8,1000.0,43329.6137615741,43329.6137615741,-,-,0.1,-,-,0.1,60,43329.6137615741,-,-,0,-,43329.7917182755,Quote withdrawn,TPSC-qb,-,YIELD,,-,-,-,-,-,-,-,-,-,-,8/17/2018 2:43:49 PM,-,-,-,8/17/2018 2:43:49 PM,-,-,-,-,False,0.6137615741026821,0.6137615741026821,43329
194,150217.IB,1.805,indic/old,43327.6093690509,1.8025,1.8049993750781201,Tight,43328.410118090294,1.8,real,43328.410118090294,1.8,real,43328.3718189583,1.88,5000.0,8/16/2018 9:50:34 AM,1.8,8000.0,43328.410118090294,43328.410118090294,1.88,-,5000.0,1.8,-,8000.0,60,43328.4101180903,-,-,0,-,43328.4105008796,TwoSide,CBBJ-wind,-,YIELD,,-,-,-,-,-,-,-,-,-,-,8/16/2018 9:50:34 AM,-,-,-,8/16/2018 9:50:34 AM,-,-,-,-,False,0.4101180902944179,0.4101180902944179,43328
231,150217.IB,1.805,indic/old,43327.6093690509,1.8025,1.8049990001999598,average,43327.6129671296,1.8,real,43327.6129671296,1.8,real,43326.6224392824,1.8,1000.0,8/14/2018 3:00:47 PM,1.8,5000.0,43327.6129671296,43327.6129671296,-,-,0.1,-,-,0.1,60,43327.6129671296,-,-,0,-,43327.7919409954,Quote withdrawn,CFIC-wind,-,YIELD,,-,-,-,-,-,-,-,-,-,-,8/15/2018 2:42:40 PM,-,-,-,8/15/2018 2:42:40 PM,-,-,-,-,False,0.6129671296002925,0.6129671296002925,43327
249,150217.IB,1.8,indic/guess,43326.6224392824,1.79875,1.7983333333333302,estimated,43326.6224392824,1.795,indic/guess,43326.6224392824,1.8,real,43326.6224392824,1.8,1000.0,8/14/2018 2:56:18 PM,1.8,4000.0,43326.6191319444,43326.6242263773,-,-,0.1,-,-,0.1,60,43326.6242263773,-,-,0,-,43326.6242263773,InvalidData,cfets,-,PRICE,150217.IB_PKBond,-,-,-,-,-,-,-,-,-,-,8/14/2018 2:58:53 PM,-,-,-,8/14/2018 2:58:53 PM,-,-,-,-,False,0.6224392824005918,0.6224392824005918,43326
190,150220.IB,3.705,indic/old,43329.5670486111,3.7025,3.7049983338887,Tight,43333.4333564815,3.7,indic/old,43329.5670486111,3.7,estimated,43329.5670486111,3.8851867834788,30000000.0,8/21/2018 10:24:02 AM,3.5851829565619,30000000.0,43333.4333564815,43333.5760185185,-,-,0.1,-,-,0.1,60,43333.5760185185,-,-,0,-,43333.7919022454,Quote withdrawn,TPSC-qb,-,YIELD,,-,-,-,-,-,-,-,-,-,-,8/21/2018 1:49:28 PM,-,-,-,8/21/2018 1:49:28 PM,-,-,-,-,False,0.4333564815024147,0.4333564815024147,43333
216,150220.IB,3.705,indic/old,43329.5670486111,3.7025,3.7049983338887,average,43332.440405092595,3.7,indic/old,43329.5670486111,3.7,estimated,43329.5670486111,3.8599747165124203,30000000.0,8/20/2018 9:21:29 AM,3.65,1000.0,43332.440405092595,43332.4651585069,-,-,0.1,-,-,0.1,60,43332.4651585069,-,-,0,-,43332.465170474505,Quote withdrawn,CFIC-wind,-,YIELD,,-,-,-,-,-,-,-,-,-,-,8/20/2018 11:09:49 AM,-,-,-,8/20/2018 11:09:49 AM,-,-,-,-,False,0.4404050925950287,0.4404050925950287,43332
258,150220.IB,3.66502341295444,indic/old,43325.3965625,3.6025,3.6000032510080997,Wide,43326.4323357639,3.6,indic/old,43326.7465623611,3.6,estimated,43326.4323357639,3.8105173442488502,30000000.0,8/17/2018 1:04:45 PM,3.5300036846971397,30000000.0,43329.5449652778,43329.556087963,-,-,0.1,-,-,0.0,60,43329.556087963,-,-,0,-,43329.5560936111,Quote withdrawn,TPSC-qb,-,YIELD,,-,-,-,-,-,-,-,-,-,-,8/17/2018 1:20:46 PM,-,-,-,8/17/2018 1:20:46 PM,-,-,-,-,False,0.43233576390048256,0.43233576390048256,43326
8,150221.IB,3.95998837626293,indic/old,43336.6743865741,3.95499418813146,3.95000099873775,Tight,43341.410231481495,3.95,real,43341.410231481495,3.95,estimated,43336.4196527778,4.0,5000.0,8/29/2018 9:50:44 AM,3.95,3000.0,43341.410231481495,43341.410231481495,4,-,5000.0,3.95,-,3000.0,60,43341.4102314815,-,-,0,-,43341.4102390857,TwoSide,TPSC-qb,-,YIELD,,-,-,-,-,-,-,-,-,-,-,8/29/2018 9:50:44 AM,-,-,-,8/29/2018 9:50:44 AM,-,-,-,-,False,0.41023148149542976,0.41023148149542976,43341
118,150221.IB,3.99,real,43335.450648148195,3.9875,3.98166666666667,Wide,43335.4295949074,3.97,real,43335.450648148195,3.98,real,43335.4287268519,3.99,5000.0,8/23/2018 10:48:56 AM,3.97,7000.0,43335.450648148195,43335.450648148195,3.99,-,5000.0,3.97,-,7000.0,60,43335.4506481482,-,-,0,-,43335.4506535532,TwoSide,TPSC-qb,-,YIELD,,-,-,-,-,-,-,-,-,-,-,8/23/2018 10:48:56 AM,-,-,-,8/23/2018 10:48:56 AM,-,-,-,-,False,0.4295949074003147,0.4295949074003147,43335
192,150221.IB,3.90998749272932,indic/old,43325.6744097222,3.9049937463646605,3.9000016643047406,Tight,43332.4131712963,3.9,indic/old,43328.4907060185,3.9,estimated,43328.3943883681,3.9899920305531205,30000000.0,8/20/2018 9:54:58 AM,3.6399897690609504,30000000.0,43332.4131712963,43332.4131712963,3.98999203055312,98.481,30000000.0,3.63998976906095,99.8007,30000000.0,60,43332.4131712963,-,-,0,-,43332.4131921875,TwoSide,cfets,-,PRICE,150221.IB_PKBond,8/21/2018 12:00:00 AM,-,-,-,-,-,-,-,-,-,8/20/2018 9:54:58 AM,-,-,-,8/20/2018 9:54:58 AM,-,-,-,-,False,0.41317129629896954,0.41317129629896954,43332
11,150223.IB,2.3,indic/old,43341.6268798843,2.27625,2.25833333333333,Wide,43341.6119791667,2.25,indic/old,43341.6119791667,2.3,real,43341.6119791667,2.3,5000.0,8/29/2018 3:02:42 PM,2.2,6000.0,43341.6268914931,43341.6268914931,-,-,0.1,2.2,-,6000.0,60,43341.6268914931,-,-,0,-,43341.6269261227,AskOnly,PATR-wind,-,YIELD,,-,-,-,-,-,-,-,-,-,-,8/29/2018 3:02:43 PM,-,-,-,8/29/2018 3:02:43 PM,-,-,-,-,False,0.6119791667006211,0.6119791667006211,43341
98,150223.IB,2.3,real,43340.418090277795,2.2409375,2.25714285714286,Wide,43340.4097453704,2.2,indic/old,43340.4120023148,2.22,real,43340.4097453704,2.3,3000.0,8/28/2018 10:02:03 AM,2.2,4000.0,43340.4120023148,43340.418090277795,2.3,-,3000.0,-,-,0.1,60,43340.4180902778,-,-,0,-,43340.4181154745,BidOnly,TPSC-qb,-,YIELD,,-,-,-,-,-,-,-,-,-,-,8/28/2018 10:02:03 AM,-,-,-,8/28/2018 10:02:03 AM,-,-,-,-,False,0.4097453704016516,0.4097453704016516,43340
140,150223.IB,2.305,indic/old,43339.440188657405,2.3003125,2.30166666666667,estimated,43339.4428125,2.3,indic/old,43339.4428125,2.3,real,43339.4428125,2.3,0.1,8/24/2018 10:15:51 AM,2.3,5000.0,43339.440599537,43339.4453009259,-,-,0.0,-,-,0.1,60,43339.4453009259,-,-,0,-,43339.445304733796,Quote withdrawn,TPSC-qb,-,YIELD,,-,-,-,-,-,-,-,-,-,-,8/27/2018 10:41:14 AM,-,-,-,8/27/2018 10:41:14 AM,-,-,-,-,False,0.4428124999976717,0.4428124999976717,43339
184,150223.IB,2.3,indic/guess,43335.6095193056,2.299375,2.2999800019998,estimated,43335.6095193056,2.1,real,43335.614650347205,2.3,real,43335.6095193056,2.3,5000.0,8/23/2018 2:37:42 PM,2.1,5000.0,43335.614650347205,43335.614650347205,-,-,0.1,2.1,-,5000.0,60,43335.6146503472,-,-,0,-,43335.614725463,AskOnly,TJXT-wind,-,YIELD,,-,-,-,-,-,-,-,-,-,-,8/23/2018 2:45:05 PM,-,-,-,8/23/2018 2:45:05 PM,-,-,-,-,False,0.6095193056025892,0.6095193056025892,43335
304,150223.IB,2.4,real,43333.4237001273,2.3025,2.3333333333333304,Wide,43333.4008796296,2.3,real,43333.4235663657,2.3,estimated,43333.399458044,2.4,10000.0,8/21/2018 10:10:07 AM,2.25,5000.0,43333.4237001273,43333.4237001273,2.4,-,10000.0,2.25,-,5000.0,60,43333.4237001273,-,-,0,-,43333.4240831019,TwoSide,CBBJ-wind,-,YIELD,,-,-,-,-,-,-,-,-,-,-,8/21/2018 10:10:07 AM,-,-,-,8/21/2018 10:10:07 AM,-,-,-,-,False,0.40087962959660217,0.40087962959660217,43333
411,150223.IB,2.15,indic/old,43328.6138657407,2.12625,2.14999500049995,Wide,43328.6138657407,2.1,real,43329.5573071065,2.15,real,43328.6138657407,2.4,0.1,8/17/2018 1:22:31 PM,2.1,5000.0,43329.5573071065,43329.5573071065,2.4,-,0.1,2.1,-,5000.0,60,43329.5573071065,-,-,0,-,43329.557342280095,TwoSide,PATR-wind,-,YIELD,,-,-,-,-,-,-,-,-,-,-,8/17/2018 1:22:31 PM,-,-,-,8/17/2018 1:22:31 PM,-,-,-,-,False,0.6138657406991115,0.6138657406991115,43328
152,160202.IB,3.7541732066600297,indic/old,43202.6530208333,3.75167320666003,3.68893137428287,estimated,43202.608587963,3.64,real,43224.5795969444,3.7541732066600297,estimated,43202.608587963,3.7541732066600297,40000000.0,4/12/2018 3:40:21 PM,3.64,30000000.0,43224.4562675232,43224.5795969444,-,-,0.1,-,-,0.1,60,43224.5795969444,-,-,0,-,43224.5833626389,Quote withdrawn,CBBJ-wind,-,YIELD,,-,-,-,-,-,-,-,-,-,-,5/4/2018 1:54:37 PM,-,-,-,5/4/2018 1:54:37 PM,-,-,-,-,False,0.6085879629972624,0.6085879629972624,43202
239,160202.IB,4.26,real,43165.4003776157,4.2575,4.23,Wide,43165.4003776157,4.2,real,43165.4003776157,4.26,estimated,43165.4003776157,4.26,50000000.0,3/6/2018 9:36:32 AM,4.2,50000000.0,43165.4003776157,43165.4003776157,4.26,-,50000000.0,4.2,-,50000000.0,60,43165.4003776157,-,-,0,-,43166.128553020804,TwoSide,CBBJ-wind,-,YIELD,,-,-,-,-,-,-,-,-,-,-,3/6/2018 9:36:32 AM,-,-,-,3/6/2018 9:36:32 AM,-,-,-,-,False,0.4003776156969252,0.4003776156969252,43165
253,160202.IB,4.28,real,43164.5684665856,4.2725,4.27166666666667,Wide,43164.436425115695,4.27,indic/old,43164.4535634954,4.27,estimated,43164.436425115695,4.28,100000000.0,3/5/2018 1:38:35 PM,4.2,50000000.0,43164.5684665856,43164.5684665856,4.28,-,100000000.0,4.2,-,50000000.0,60,43164.5684665856,-,-,0,-,43165.481235277795,TwoSide,CBBJ-wind,-,YIELD,,-,-,-,-,-,-,-,-,-,-,3/5/2018 1:38:35 PM,-,-,-,3/5/2018 1:38:35 PM,-,-,-,-,False,0.43642511569487397,0.43642511569487397,43164
0,160203.IB,4.313402007749589,indic/guess,43216.6790055556,4.3025,4.2156384903201,estimated,43252.6229050926,4.3,indic/old,43252.6229050926,4.3,estimated,43252.6229050926,4.3140487626929405,30000000.0,4/27/2018 4:12:42 PM,3.48,0.1,43319.405208287004,43340.6247665046,-,-,0.1,-,-,0.1,60,43340.6247665046,-,-,0,-,43340.624766713,Quote withdrawn,CFIC-wind,-,YIELD,,-,-,-,-,-,-,-,-,-,-,8/28/2018 2:59:39 PM,-,-,-,8/28/2018 2:59:39 PM,-,-,-,-,False,0.622905092597648,0.622905092597648,43252
50,160203.IB,4.335,real/inverted,43202.611784016204,4.51662638740038,4.51662638740038,Tight,43202.611784016204,4.698252774800769,real/inverted,43202.611784016204,4.698252774800769,estimated,43202.611784016204,4.335,40000000.0,4/12/2018 2:40:58 PM,4.32,40000000.0,43202.611784016204,43202.611784016204,4.335,-,40000000.0,4.32,-,40000000.0,60,43202.611784016204,-,-,0,-,43203.3758756366,TwoSide,CFIC-wind,-,YIELD,,-,-,-,-,-,-,-,-,-,-,4/12/2018 2:40:58 PM,-,-,-,4/12/2018 2:40:58 PM,-,-,-,-,False,0.611784016204183,0.611784016204183,43202
476,160206.IB,3.7862571946656502,indic/old,43341.43880625,3.7831285973328197,3.78000015642596,Tight,43341.444386574105,3.78,indic/old,43341.4387620139,3.7862571946656502,estimated,43341.4386322917,3.8599919013946598,60000000.0,8/29/2018 10:39:55 AM,3.7100009305035297,10000000.0,43341.444386574105,43341.444386574105,3.85999190139466,97.9028,60000000.0,3.71000093050353,98.2462,10000000.0,60,43341.4443865741,-,-,0,-,43341.444411400495,TwoSide,cfets,-,PRICE,160206.IB_PKBond,8/30/2018 12:00:00 AM,-,-,-,-,-,-,-,-,-,8/29/2018 10:39:55 AM,-,-,-,8/29/2018 10:39:55 AM,-,-,-,-,False,0.44438657410501037,0.44438657410501037,43341
640,160206.IB,3.78925300449726,indic/old,43340.6109899306,3.7846280070030702,3.7846280070030702,Tight,43340.6249652778,3.78000300950889,indic/old,43340.6122414352,3.78925300449726,estimated,43340.6109063657,3.85001572872227,10000000.0,8/28/2018 2:59:57 PM,3.70001317966254,10000000.0,43340.6249652778,43340.6249652778,3.85001572872227,97.9234,10000000.0,3.70001317966254,98.2673,10000000.0,60,43340.6249652778,-,-,0,-,43340.6249947106,TwoSide,cfets,-,PRICE,160206.IB_PKBond,8/29/2018 12:00:00 AM,-,-,-,-,-,-,-,-,-,8/28/2018 2:59:57 PM,-,-,-,8/28/2018 2:59:57 PM,-,-,-,-,False,0.6249652777987649,0.6249652777987649,43340
935,160206.IB,3.79,real,43339.6341390046,3.7875,3.7825,Wide,43339.6203385648,3.77,real,43339.6341390046,3.79,estimated,43339.6203385648,3.79,3000.0,8/27/2018 3:13:09 PM,3.77,5000.0,43339.6341390046,43339.6341390046,3.79,-,3000.0,3.77,-,5000.0,60,43339.6341390046,-,-,0,-,43339.6341616782,TwoSide,PATR-wind,-,YIELD,,-,-,-,-,-,-,-,-,-,-,8/27/2018 3:13:09 PM,-,-,-,8/27/2018 3:13:09 PM,-,-,-,-,False,0.6203385647968389,0.6203385647968389,43339
1134,160206.IB,3.7492677388188396,indic/old,43336.616671875,3.74463386940942,3.74000011584529,average,43336.618495219904,3.74,indic/old,43336.5821708102,3.7492677388188396,estimated,43336.6166239583,3.7492677388188396,400000000.0,8/24/2018 2:48:00 PM,3.72,5000.0,43336.618495219904,43336.618495219904,-,-,0.1,3.72,-,5000.0,60,43336.6184952199,-,-,0,-,43336.6185196065,AskOnly,PATR-wind,-,YIELD,,-,-,-,-,-,-,-,-,-,-,8/24/2018 2:50:37 PM,-,-,-,8/24/2018 2:50:37 PM,-,-,-,-,False,0.618495219903707,0.618495219903707,43336
1377,160206.IB,4.0288003732249305,real,43335.6268876157,3.8405470019640897,3.99064969897276,Wide,43335.6126054398,3.8380470019640898,indic/old,43335.6162835648,3.8380470019640898,estimated,43335.6126054398,4.0288003732249305,50000000.0,8/23/2018 3:02:43 PM,3.5787970502824504,50000000.0,43335.6268876157,43335.6268876157,4.02880037322493,97.5027,50000000.0,3.57879705028245,98.5388,50000000.0,60,43335.6268876157,-,-,0,-,43335.626889467596,TwoSide,cfets,-,PRICE,160206.IB_PKBond,8/24/2018 12:00:00 AM,-,-,-,-,-,-,-,-,-,8/23/2018 3:02:43 PM,-,-,-,8/23/2018 3:02:43 PM,-,-,-,-,False,0.6126054397973348,0.6126054397973348,43335
1744,160206.IB,3.86001170290927,real,43334.6230092593,3.8042222749828,3.76624433330679,Wide,43334.6214583333,3.7099839115453,real,43334.6230092593,3.8067222749828,estimated,43334.6214583333,3.86001170290927,50000000.0,8/22/2018 2:57:08 PM,3.7099839115453,30000000.0,43334.6230092593,43334.6230092593,3.86001170290927,97.8873,50000000.0,3.7099839115453,98.2333,30000000.0,60,43334.6230092593,-,-,0,-,43334.6230119444,TwoSide,cfets,-,PRICE,160206.IB_PKBond,8/23/2018 12:00:00 AM,-,-,-,-,-,-,-,-,-,8/22/2018 2:57:08 PM,-,-,-,8/22/2018 2:57:08 PM,-,-,-,-,False,0.6214583332985057,0.6214583332985057,43334
2270,160206.IB,3.84924287749127,indic/old,43333.618618634304,3.8446214387456297,3.8400000693210603,Tight,43333.6220023148,3.84,indic/old,43333.6047795139,3.84,estimated,43333.6019178819,3.89998713034783,100000000.0,8/21/2018 2:55:41 PM,3.79503107278202,30000000.0,43333.6220023148,43333.6220023148,3.89998713034783,97.7931,100000000.0,3.79503107278202,98.0349,30000000.0,60,43333.6220023148,-,-,0,-,43333.6220240741,TwoSide,cfets,-,PRICE,160206.IB_PKBond,8/22/2018 12:00:00 AM,-,-,-,-,-,-,-,-,-,8/21/2018 2:55:41 PM,-,-,-,8/21/2018 2:55:41 PM,-,-,-,-,False,0.62200231479801,0.62200231479801,43333
2559,160206.IB,3.86,indic/old,43332.6248735764,3.8525,3.8385714285714303,Wide,43332.6248735764,3.83,real,43332.6269097222,3.85,real,43332.6248735764,3.88,2000.0,8/20/2018 3:02:45 PM,3.83,2000.0,43332.6269097222,43332.6269097222,3.88,-,2000.0,3.83,-,2000.0,60,43332.6269097222,-,-,0,-,43332.6269125694,TwoSide,TPSC-qb,-,YIELD,,-,-,-,-,-,-,-,-,-,-,8/20/2018 3:02:45 PM,-,-,-,8/20/2018 3:02:45 PM,-,-,-,-,False,0.6248735764020239,0.6248735764020239,43332
2902,160206.IB,3.7297252924512594,indic/old,43329.6107482639,3.7272252924512594,3.5302574128996898,Wide,43329.61066875,3.4803904430118,real,43329.627456481496,3.7297252924512594,estimated,43329.61066875,3.93037985441964,50000000.0,8/17/2018 3:03:32 PM,3.4803904430118,50000000.0,43329.627456481496,43329.627456481496,3.93037985441964,97.7185,50000000.0,3.4803904430118,98.7623,50000000.0,60,43329.6274564815,-,-,0,-,43329.6274569444,TwoSide,cfets,-,PRICE,160206.IB_PKBond,8/20/2018 12:00:00 AM,-,-,-,-,-,-,-,-,-,8/17/2018 3:03:32 PM,-,-,-,8/17/2018 3:03:32 PM,-,-,-,-,False,0.6106687499996042,0.6106687499996042,43329
3074,160206.IB,3.75,real,43328.6228587963,3.709375,3.71875,estimated,43328.6228587963,3.7,indic/old,43328.620821527795,3.71,real,43328.6228587963,3.75,5000.0,8/16/2018 2:56:55 PM,3.66,3000.0,43328.6228587963,43328.6228587963,3.75,-,0.0,3.66,-,0.0,60,-,3.71,-,0,43328.6228587963,43328.6229018171,Trade,TPSC-qb,-,YIELD,,-,-,-,-,-,-,-,-,-,-,8/16/2018 2:56:55 PM,-,-,-,8/16/2018 2:56:55 PM,-,-,-,-,False,0.6228587962978054,0.6228587962978054,43328
49,160207.IB,4.04,indic/old,43340.6998067708,4.035,4.0399996666777795,Tight,43341.441121678195,4.03,indic/old,43341.441121678195,4.03,estimated,43341.4236058796,4.05,3000.0,8/29/2018 10:35:12 AM,4.03,3000.0,43341.441121678195,43341.4457071991,-,-,0.1,-,-,0.1,60,43341.4457071991,-,-,0,-,43341.4457212616,Quote withdrawn,TJXT-wind,-,YIELD,,-,-,-,-,-,-,-,-,-,-,8/29/2018 10:41:49 AM,-,-,-,8/29/2018 10:41:49 AM,-,-,-,-,False,0.4411216781954863,0.4411216781954863,43341
136,160207.IB,4.05,real,43339.418653761604,4.0025,4.04999875003125,Wide,43339.4161327315,4.0,real,43339.418653761604,4.0,estimated,43339.414926134305,4.05,0.1,8/27/2018 10:02:51 AM,4.0,4000.0,43339.418653761604,43339.418653761604,4.05,-,0.1,4,-,4000.0,60,43339.4186537616,-,-,0,-,43339.4186666319,TwoSide,TJXT-wind,-,YIELD,,-,-,-,-,-,-,-,-,-,-,8/27/2018 10:02:51 AM,-,-,-,8/27/2018 10:02:51 AM,-,-,-,-,False,0.4161327315014205,0.4161327315014205,43339
176,160207.IB,4.0,indic/old,43335.714819178196,3.995,3.99833333333333,average,43336.4113322569,3.99,indic/old,43335.7148184491,3.99,real,43335.7148184491,4.15000582440247,80000000.0,8/24/2018 9:32:25 AM,3.93,5000.0,43336.4113322569,43336.4748491782,-,-,0.1,-,-,0.1,60,43336.4748491782,-,-,0,-,43336.791930034706,Quote withdrawn,TJXT-wind,-,YIELD,,-,-,-,-,-,-,-,-,-,-,8/24/2018 11:23:46 AM,-,-,-,8/24/2018 11:23:46 AM,-,-,-,-,False,0.41133225690282416,0.41133225690282416,43336
222,160207.IB,4.02,real,43335.6712320718,4.00994140625,3.9900009999666697,Wide,43335.6113378704,3.99,indic/old,43335.6171523843,4.01,real,43335.6113378704,4.02,3000.0,8/23/2018 4:06:34 PM,3.8500929573434197,30000000.0,43335.6579282407,43335.6712320718,4.02,-,3000.0,-,-,0.1,60,43335.6712320718,-,-,0,-,43335.671255925896,BidOnly,PATR-wind,-,YIELD,,-,-,-,-,-,-,-,-,-,-,8/23/2018 4:06:34 PM,-,-,-,8/23/2018 4:06:34 PM,-,-,-,-,False,0.6113378704030765,0.6113378704030765,43335
502,160207.IB,4.02,real,43329.4452430556,4.0025,4.0066666666666695,Wide,43329.428383206,4.0,indic/old,43329.4391203704,4.0,estimated,43329.425159918996,4.02,2000.0,8/17/2018 10:41:09 AM,4.0,1000.0,43329.4391203704,43329.4452430556,4.02,-,2000.0,-,-,0.1,60,43329.4452430556,-,-,0,-,43329.445255300896,BidOnly,TPSC-qb,-,YIELD,,-,-,-,-,-,-,-,-,-,-,8/17/2018 10:41:09 AM,-,-,-,8/17/2018 10:41:09 AM,-,-,-,-,False,0.4283832060027635,0.4283832060027635,43329
16,160208.IB,3.725,indic/guess,43341.623687581,3.53125,3.72460269865067,estimated,43341.623687581,2.93,real,43341.623687581,3.725,real,43341.623687581,2.95,5000.0,8/29/2018 2:49:50 PM,2.93,1000.0,43341.623687581,43341.623687581,-,-,0.0,2.93,-,0.0,60,-,3.725,-,0,43341.623687581,43341.623802662005,Trade,TJXT-wind,-,YIELD,,-,-,-,-,-,-,-,-,-,-,8/29/2018 2:58:06 PM,-,-,-,8/29/2018 2:58:06 PM,-,-,-,-,False,0.6236875809991034,0.6236875809991034,43341
143,160208.IB,2.9999568856015597,real/choice,43340.6248726852,2.9999568856015597,2.9999568856015597,real/choice,43340.6248726852,2.9999568856015597,real/choice,43340.6248726852,2.9999568856015597,estimated,43340.6248726852,2.9999568856015597,30000000.0,8/28/2018 2:59:49 PM,2.9999568856015597,110000000.0,43340.6248726852,43340.6248726852,2.99995688560156,99.8394,30000000.0,2.99995688560156,99.8394,110000000.0,60,43340.6248726852,-,-,0,-,43340.6248869444,real/choice,cfets,-,PRICE,160208.IB_PKBond,8/29/2018 12:00:00 AM,-,-,-,-,-,-,-,-,-,8/28/2018 2:59:49 PM,-,-,-,8/28/2018 2:59:49 PM,-,-,-,-,False,0.6248726851990796,0.6248726851990796,43340
372,160208.IB,3.0498515124513705,indic/old,43339.6163194444,2.9825,2.9800027939487403,Wide,43339.6157834606,2.98,indic/old,43339.6297646528,2.98,real,43339.6094705671,3.08004060745723,50000000.0,8/27/2018 2:58:17 PM,2.98,5000.0,43339.6297646528,43339.637903125,-,-,0.1,-,-,0.1,60,43339.637903125,-,-,0,-,43339.637903587995,"Ignored/ask,bid,",cfets,-,PRICE,160208.IB_PKBond,8/28/2018 12:00:00 AM,-,-,-,-,-,-,-,-,-,8/27/2018 3:18:34 PM,-,-,-,8/27/2018 3:18:34 PM,-,-,-,-,False,0.6157834605983226,0.6157834605983226,43339
489,160208.IB,3.0024743310472704,indic/old,43336.6232599537,2.9999743310472704,3.00247433102227,average,43336.623814467595,2.9974743310472705,indic/old,43336.6233391204,2.9974743310472705,estimated,43336.6232599537,2.99649988997694,270000000.0,8/24/2018 2:53:55 PM,2.99649988997694,200000000.0,43336.623814467595,43336.6238148148,-,-,0.1,-,-,0.1,60,43336.6238148148,-,-,0,-,43336.623816886604,"Ignored/ask,bid,",cfets,-,PRICE,160208.IB_PKBond,8/27/2018 12:00:00 AM,-,-,-,-,-,-,-,-,-,8/24/2018 2:58:17 PM,-,-,-,8/24/2018 2:58:17 PM,-,-,-,-,False,0.6238144675953663,0.6238144675953663,43336
620,160208.IB,3.0,indic/old,43335.632322222205,2.98375,2.975,Wide,43335.6243203241,2.95,indic/old,43335.6294606366,2.97,real,43335.6243203241,3.07200466888638,300000000.0,8/23/2018 3:10:12 PM,2.95,5000.0,43335.6294606366,43335.632322222205,-,-,0.1,-,-,0.1,60,43335.6323222222,-,-,0,-,43335.632326713,"Ignored/ask,bid,",cfets,-,PRICE,160208.IB_PKBond,8/24/2018 12:00:00 AM,-,-,-,-,-,-,-,-,-,8/23/2018 3:10:32 PM,-,-,-,8/23/2018 3:10:32 PM,-,-,-,-,False,0.6243203241028823,0.6243203241028823,43335
860,160208.IB,3.1499160302468403,real/inverted,43333.6249884259,3.1499580151234197,3.14999999580172,Tight,43333.6249884259,3.15,real/inverted,43333.6249884259,3.15,estimated,43333.6249884259,3.16,5000.0,8/21/2018 2:59:59 PM,3.15,5000.0,43333.6249884259,43333.6249884259,3.16,-,5000.0,3.15,-,5000.0,60,43333.6249884259,-,-,0,-,43333.6249992824,TwoSide,TPSC-qb,-,YIELD,,-,-,-,-,-,-,-,-,-,-,8/21/2018 2:59:59 PM,-,-,-,8/21/2018 2:59:59 PM,-,-,-,-,False,0.6249884259013925,0.6249884259013925,43333
995,160208.IB,3.1,indic/old,43332.4674421296,3.09190853956809,3.0500024998750095,Wide,43332.4372222222,3.05,real,43332.4830902778,3.09440853956809,estimated,43332.4372222222,3.10008581209553,100000000.0,8/20/2018 11:11:10 AM,3.05,5000.0,43332.4830902778,43332.4830902778,-,-,0.1,3.05,-,5000.0,60,43332.4830902778,-,-,0,-,43332.4831021528,AskOnly,TPSC-qb,-,YIELD,,-,-,-,-,-,-,-,-,-,-,8/20/2018 11:35:39 AM,-,-,-,8/20/2018 11:35:39 AM,-,-,-,-,False,0.4372222222009441,0.4372222222009441,43332
1168,160208.IB,2.83428254366637,indic/old,43328.6236802083,2.83224510333318,2.83020766302037,average,43328.623680787,2.83020766299999,indic/old,43328.6230547454,2.83428254366637,estimated,43328.6235877315,2.83520766299999,300000000.0,8/16/2018 2:58:06 PM,2.9,10000.0,43328.601963784706,43328.623898148195,-,-,0.1,-,-,0.1,60,43328.6238981482,-,-,0,-,43328.6239045139,"Ignored/ask,bid,",cfets,-,PRICE,160208.IB_PKBond,8/17/2018 12:00:00 AM,-,-,-,-,-,-,-,-,-,8/16/2018 2:58:24 PM,-,-,-,8/16/2018 2:58:24 PM,-,-,-,-,False,0.6236807870009216,0.6236807870009216,43328
20,160215.IB,3.39,real,43341.6329352431,3.3875,3.37666666666667,Wide,43341.6091665046,3.37,indic/old,43340.6662615741,3.39,estimated,43341.6091665046,3.39,10000.0,8/29/2018 3:11:25 PM,3.36,15000.0,43341.6329352431,43341.6329352431,3.39,-,10000.0,3.36,-,15000.0,60,43341.6329352431,-,-,0,-,43341.6329580671,TwoSide,PATR-wind,-,YIELD,,-,-,-,-,-,-,-,-,-,-,8/29/2018 3:11:25 PM,-,-,-,8/29/2018 3:11:25 PM,-,-,-,-,False,0.6091665045969421,0.6091665045969421,43341
404,160215.IB,3.38,real,43335.4670190625,3.3775,3.355,Wide,43335.4025777431,3.35,indic/old,43334.6956726273,3.38,estimated,43335.4025777431,3.38,10000.0,8/23/2018 11:12:30 AM,3.29,5000.0,43335.4670190625,43335.4670190625,3.38,-,10000.0,3.29,-,5000.0,60,43335.4670190625,-,-,0,-,43335.467030625,TwoSide,PATR-wind,-,YIELD,,-,-,-,-,-,-,-,-,-,-,8/23/2018 11:12:30 AM,-,-,-,8/23/2018 11:12:30 AM,-,-,-,-,False,0.402577743101574,0.402577743101574,43335
485,160215.IB,3.48345237258395,indic/old,43334.400233796296,3.48185409609765,3.4834523725732898,average,43334.4042497685,3.4802558196113598,indic/old,43334.4042497685,3.4802558196113598,estimated,43334.4042497685,3.4784523725839502,10000000.0,8/22/2018 9:32:40 AM,3.4802558196113598,300000000.0,43334.4042497685,43334.4042875,-,-,0.1,-,-,0.1,60,43334.4042875,-,-,0,-,43334.404291111096,"Ignored/ask,bid,",cfets,-,PRICE,160215.IB_PKBond,8/23/2018 12:00:00 AM,-,-,-,-,-,-,-,-,-,8/22/2018 9:42:10 AM,-,-,-,8/22/2018 9:42:10 AM,-,-,-,-,False,0.40424976850044914,0.40424976850044914,43334
586,160215.IB,3.47,indic/old,43333.4179992014,3.4625,3.4600001999959997,Wide,43333.4010823148,3.46,real,43333.4250963194,3.46,estimated,43333.4010823148,3.48,5000.0,8/21/2018 10:07:29 AM,3.46,0.1,43333.4250963194,43333.4250963194,-,-,0.1,3.46,-,0.1,60,43333.4250963194,-,-,0,-,43333.4252014468,AskOnly,TJXT-wind,-,YIELD,,-,-,-,-,-,-,-,-,-,-,8/21/2018 10:12:08 AM,-,-,-,8/21/2018 10:12:08 AM,-,-,-,-,False,0.4010823147982592,0.4010823147982592,43333
681,160215.IB,3.47,indic/old,43332.4422916667,3.45125,3.45,Wide,43332.4358101852,3.44,indic/old,43332.4422916667,3.45,real,43332.4358101852,3.5036287404685598,30000000.0,8/20/2018 10:37:15 AM,3.2700891217119596,30000000.0,43332.4425347222,43332.4577474537,-,-,0.1,-,-,0.1,60,43332.4577474537,-,-,0,-,43332.4577503241,"Ignored/ask,bid,",cfets,-,PRICE,160215.IB_PKBond,8/21/2018 12:00:00 AM,-,-,-,-,-,-,-,-,-,8/20/2018 10:59:09 AM,-,-,-,8/20/2018 10:59:09 AM,-,-,-,-,False,0.4358101851976244,0.4358101851976244,43332
860,160215.IB,3.365,indic/old,43329.4033326852,3.3625,3.3649992858163102,Tight,43329.414528599504,3.36,real,43329.414528599504,3.36,estimated,43329.4033326852,3.5,5000.0,8/17/2018 9:56:55 AM,3.36,7000.0,43329.414528599504,43329.414528599504,3.5,-,5000.0,3.36,-,7000.0,60,43329.4145285995,-,-,0,-,43329.4145412847,TwoSide,TJXT-wind,-,YIELD,,-,-,-,-,-,-,-,-,-,-,8/17/2018 9:56:55 AM,-,-,-,8/17/2018 9:56:55 AM,-,-,-,-,False,0.4145285995036829,0.4145285995036829,43329
937,160215.IB,3.3806172524625295,indic/old,43328.4668763889,3.37989210186629,3.3806172524577005,Tight,43328.6219905787,3.37916695127005,indic/old,43328.4674256944,3.37916695127005,estimated,43328.4674256944,3.4,3000.0,8/16/2018 2:55:39 PM,3.32,3000.0,43328.6219905787,43328.6219905787,3.4,-,3000.0,3.32,-,3000.0,60,43328.6219905787,-,-,0,-,43328.6223626852,TwoSide,CBBJ-wind,-,YIELD,,-,-,-,-,-,-,-,-,-,-,8/16/2018 2:55:39 PM,-,-,-,8/16/2018 2:55:39 PM,-,-,-,-,False,0.6219905787002062,0.6219905787002062,43328
68,160218.IB,3.92,real,43340.6678356482,3.9175,3.9,Wide,43340.6188888889,3.88,real,43340.6678356482,3.92,estimated,43340.6188888889,3.92,3000.0,8/28/2018 4:01:41 PM,3.88,3000.0,43340.6678356482,43340.6678356482,3.92,-,3000.0,3.88,-,3000.0,60,43340.6678356482,-,-,0,-,43340.6678405556,TwoSide,TPSC-qb,-,YIELD,,-,-,-,-,-,-,-,-,-,-,8/28/2018 4:01:41 PM,-,-,-,8/28/2018 4:01:41 PM,-,-,-,-,False,0.6188888889009831,0.6188888889009831,43340
290,160218.IB,3.88,indic/old,43335.5626736111,3.8775,3.87,Wide,43335.4277893519,3.86,indic/old,43335.5885416667,3.88,estimated,43335.4277893519,3.9,5000.0,8/23/2018 2:07:30 PM,3.75,3000.0,43335.5938256597,43335.5938256597,-,-,0.1,3.75,-,3000.0,60,43335.5938256597,-,-,0,-,43335.5938625116,AskOnly,PATR-wind,-,YIELD,,-,-,-,-,-,-,-,-,-,-,8/23/2018 2:15:06 PM,-,-,-,8/23/2018 2:15:06 PM,-,-,-,-,False,0.4277893519029021,0.4277893519029021,43335
628,160218.IB,3.94,indic/old,43332.585396875,3.935,3.93999983333611,average,43332.6166203704,3.93,real,43332.6166203704,3.93,estimated,43332.6156620833,3.9749848662907703,50000000.0,8/20/2018 2:08:45 PM,3.93,6000.0,43332.6166203704,43332.6166203704,-,-,0.1,3.93,-,6000.0,60,43332.6166203704,-,-,0,-,43332.616623148104,AskOnly,TPSC-qb,-,YIELD,,-,-,-,-,-,-,-,-,-,-,8/20/2018 2:47:56 PM,-,-,-,8/20/2018 2:47:56 PM,-,-,-,-,False,0.6166203703978681,0.6166203703978681,43332
705,160218.IB,3.885,indic/old,43329.6142507176,3.88125,3.88166666666667,estimated,43329.6149060995,3.88,indic/guess,43329.6149060995,3.88,real,43329.6149060995,3.9,0.1,8/17/2018 2:44:39 PM,3.88,3000.0,43329.6149060995,43329.6152532986,-,-,0.1,-,-,0.1,60,43329.6152532986,-,-,0,-,43329.6152530324,Quote withdrawn,TJXT-wind,-,YIELD,,-,-,-,-,-,-,-,-,-,-,8/17/2018 2:45:57 PM,-,-,-,8/17/2018 2:45:57 PM,-,-,-,-,False,0.6149060995012405,0.6149060995012405,43329
77,1702002.IB,3.735,indic/old,43321.3645486111,3.7325,3.734999998837,Wide,43321.401030092595,3.70011008823532,indic/old,43327.3879976852,3.73,estimated,43321.3645486111,4.0899920262659295,50000000.0,8/17/2018 9:06:53 AM,3.5999909818632205,30000000.0,43329.3797800926,43329.3797800926,4.08999202626593,100.3193,50000000.0,3.59999098186322,101.994,30000000.0,60,43329.3797800926,-,-,0,-,43329.3797900694,TwoSide,cfets,-,PRICE,1702002.IB_PKBond,8/20/2018 12:00:00 AM,-,-,-,-,-,-,-,-,-,8/17/2018 9:06:53 AM,-,-,-,8/17/2018 9:06:53 AM,-,-,-,-,False,0.40103009259473765,0.40103009259473765,43321
196,1702002.IB,3.8,indic/old,43312.4978009259,3.7975,3.75833333333333,Wide,43311.4061921296,3.75,indic/old,43314.4294848148,3.8,estimated,43311.4061921296,4.05000790288574,50000000.0,8/6/2018 8:50:45 AM,3.60000462271563,30000000.0,43318.3685763889,43318.3685763889,4.05000790288574,100.4601,50000000.0,3.60000462271563,102.0132,30000000.0,60,43318.3685763889,-,-,0,-,43318.3685937153,TwoSide,cfets,-,PRICE,1702002.IB_PKBond,8/7/2018 12:00:00 AM,-,-,-,-,-,-,-,-,-,8/6/2018 8:50:45 AM,-,-,-,8/6/2018 8:50:45 AM,-,-,-,-,False,0.4061921296015498,0.4061921296015498,43311
61,1702003.IB,3.84,indic/old,43340.4460279977,3.8125,3.825,Wide,43340.4048938542,3.81,indic/old,43340.4501577431,3.81,estimated,43340.4048938542,3.9,5000.0,8/28/2018 10:51:43 AM,3.71,5000.0,43340.451281145804,43340.4525839352,3.9,-,5000.0,-,-,0.1,60,43340.4525839352,-,-,0,-,43340.453012662,BidOnly,CBBJ-wind,-,YIELD,,-,-,-,-,-,-,-,-,-,-,8/28/2018 10:51:43 AM,-,-,-,8/28/2018 10:51:43 AM,-,-,-,-,False,0.4048938541964162,0.4048938541964162,43340
94,1702003.IB,3.75,indic/old,43335.7308333102,3.7325,3.749999600008,Wide,43339.609259259305,3.73,indic/old,43339.609259259305,3.73,real,43335.4556577083,3.86,0.1,8/28/2018 9:41:30 AM,3.71,5000.0,43340.403828379596,43340.403828379596,3.86,-,0.1,3.71,-,5000.0,60,43340.4038283796,-,-,0,-,43340.4038651852,TwoSide,PATR-wind,-,YIELD,,-,-,-,-,-,-,-,-,-,-,8/28/2018 9:41:30 AM,-,-,-,8/28/2018 9:41:30 AM,-,-,-,-,False,0.609259259304963,0.609259259304963,43339
237,1702003.IB,3.665,indic/old,43327.4290972222,3.6625,3.66499875031242,Tight,43327.433715277795,3.66,indic/old,43327.433715277795,3.66,estimated,43327.4290972222,3.9,4000.0,8/15/2018 10:24:33 AM,3.66,4000.0,43327.433715277795,43328.3298148148,-,-,0.0,-,-,0.1,60,43328.3298148148,-,-,0,-,43328.3298168056,Quote withdrawn,TPSC-qb,-,YIELD,,-,-,-,-,-,-,-,-,-,-,8/16/2018 7:54:56 AM,-,-,-,8/16/2018 7:54:56 AM,-,-,-,-,False,0.4337152777952724,0.4337152777952724,43327
2985,170201.IB,4.16,indic/old,43335.3682638889,4.15695178338131,4.159999847592981,Tight,43335.4003819444,4.1539035667626205,indic/old,43334.6781597222,4.1539035667626205,estimated,43334.6780555556,4.25870043498223,80000000.0,8/23/2018 9:36:33 AM,3.9700057280135,30000000.0,43335.4003819444,43335.4003819444,4.25870043498223,98.0529,80000000.0,3.9700057280135,99.4113,30000000.0,60,43335.4003819444,-,-,0,-,43335.400398402795,TwoSide,cfets,-,PRICE,170201.IB_PKBond,8/24/2018 12:00:00 AM,-,-,-,-,-,-,-,-,-,8/23/2018 9:36:33 AM,-,-,-,8/23/2018 9:36:33 AM,-,-,-,-,False,0.4003819443969405,0.4003819443969405,43335
89,170205.IB,3.50895444278925,indic/old,43341.5875667824,3.50447722139462,3.50000004477199,Tight,43341.6249537037,3.5,indic/old,43341.5390625,3.50895444278925,estimated,43341.5875318287,3.59999388134446,60000000.0,8/29/2018 2:59:56 PM,3.4500052645180297,90000000.0,43341.6249537037,43341.6249537037,3.59999388134446,100.4213,60000000.0,3.45000526451803,100.6574,90000000.0,60,43341.6249537037,-,-,0,-,43341.624974074104,TwoSide,cfets,-,PRICE,170205.IB_PKBond,8/30/2018 12:00:00 AM,-,-,-,-,-,-,-,-,-,8/29/2018 2:59:56 PM,-,-,-,8/29/2018 2:59:56 PM,-,-,-,-,False,0.6249537037001573,0.6249537037001573,43341
1277,170205.IB,3.6,indic/old,43340.4321868519,3.5975,3.575,Wide,43340.4321868519,3.55,indic/old,43340.4321868519,3.6,real,43339.6541080324,3.78002329435899,100000000.0,8/28/2018 10:45:54 AM,3.5302590890976604,400000000.0,43340.4485416667,43340.4485416667,3.78002329435899,100.1394,100000000.0,3.53025908909766,100.5319,400000000.0,60,43340.4485416667,-,-,0,-,43340.448543206,TwoSide,cfets,-,PRICE,170205.IB_PKBond,8/29/2018 12:00:00 AM,-,-,-,-,-,-,-,-,-,8/28/2018 10:45:54 AM,-,-,-,8/28/2018 10:45:54 AM,-,-,-,-,False,0.4321868518964038,0.4321868518964038,43340
1373,170205.IB,3.5090118802502697,indic/old,43339.5831162037,3.50450594012514,3.5000001126471,Tight,43339.6141978125,3.5,real,43339.6141978125,3.5090118802502697,estimated,43339.5830782407,3.6,3000.0,8/27/2018 2:44:26 PM,3.5,5000.0,43339.6141978125,43339.6141978125,3.6,-,3000.0,3.5,-,5000.0,60,43339.6141978125,-,-,0,-,43339.6142091435,TwoSide,CFIC-wind,-,YIELD,,-,-,-,-,-,-,-,-,-,-,8/27/2018 2:44:26 PM,-,-,-,8/27/2018 2:44:26 PM,-,-,-,-,False,0.6141978125015157,0.6141978125015157,43339
1612,170205.IB,3.55,indic/old,43336.618729606496,3.530625,3.51625,estimated,43336.6229678588,3.46,real,43336.6229678588,3.53,real,43336.6229678588,3.55,3000.0,8/24/2018 2:50:58 PM,3.46,5000.0,43336.6229678588,43336.6229678588,-,-,0.0,3.46,-,0.0,60,-,3.53,-,0,43336.6229678588,43336.622980277796,Trade,TJXT-wind,-,YIELD,,-,-,-,-,-,-,-,-,-,-,8/24/2018 2:57:04 PM,-,-,-,8/24/2018 2:57:04 PM,-,-,-,-,False,0.6229678587988019,0.6229678587988019,43336
1799,170205.IB,3.54,real,43335.6142812847,3.531875,3.5325,Wide,43335.614279837995,3.52,real,43335.6142812847,3.53,real,43335.614279837995,3.54,3000.0,8/23/2018 2:44:33 PM,3.52,5000.0,43335.6142812847,43335.6142812847,3.54,-,3000.0,3.52,-,5000.0,60,43335.6142812847,-,-,0,-,43335.614282534705,"Ignored/trade,",TJXT-wind,-,YIELD,,-,-,-,-,-,-,-,-,-,-,8/23/2018 2:44:33 PM,-,-,-,8/23/2018 2:44:33 PM,-,-,-,-,False,0.6142798379951273,0.6142798379951273,43335
2111,170205.IB,3.62,real,43334.4136993403,3.6175,3.6150009998000403,average,43334.4136993403,3.615,indic/old,43334.4134837963,3.62,estimated,43334.4134837963,3.62,5000.0,8/22/2018 9:55:43 AM,3.0000220496744503,30000000.0,43334.3986215278,43334.4136993403,3.62,-,5000.0,-,-,0.1,60,43334.4136993403,-,-,0,-,43334.4137121991,BidOnly,CFIC-wind,-,YIELD,,-,-,-,-,-,-,-,-,-,-,8/22/2018 9:55:43 AM,-,-,-,8/22/2018 9:55:43 AM,-,-,-,-,False,0.4136993403008091,0.4136993403008091,43334
2199,170205.IB,3.65,indic/old,43333.6206714815,3.6075,3.6275,Wide,43333.6168209144,3.605,indic/old,43333.6206714815,3.605,estimated,43333.6168209144,3.8000276193870497,30000000.0,8/21/2018 3:10:54 PM,3.0000290391706,30000000.0,43333.6325771991,43333.6325771991,3.80002761938705,100.1099,30000000.0,3.0000290391706,101.3896,30000000.0,60,43333.6325771991,-,-,0,-,43333.6325789352,TwoSide,cfets,-,PRICE,170205.IB_PKBond,8/22/2018 12:00:00 AM,-,-,-,-,-,-,-,-,-,8/21/2018 3:10:54 PM,-,-,-,8/21/2018 3:10:54 PM,-,-,-,-,False,0.6168209144016146,0.6168209144016146,43333
2352,170205.IB,3.6,indic/old,43332.6302777778,3.5725194777267797,3.5999992505056806,Wide,43332.619160648195,3.5700194777267797,indic/old,43332.6355375,3.5700194777267797,estimated,43332.619160648195,3.8000059063764797,30000000.0,8/20/2018 3:48:35 PM,3.46997197647324,30000000.0,43332.6587405093,43332.6587405093,3.80000590637648,100.1102,30000000.0,3.46997197647324,100.6358,30000000.0,60,43332.6587405093,-,-,0,-,43332.658742627296,TwoSide,cfets,-,PRICE,170205.IB_PKBond,8/21/2018 12:00:00 AM,-,-,-,-,-,-,-,-,-,8/20/2018 3:48:35 PM,-,-,-,8/20/2018 3:48:35 PM,-,-,-,-,False,0.6191606481952476,0.6191606481952476,43332
2535,170205.IB,3.58,real,43329.6333796296,3.54375,3.56083333333333,Wide,43329.621582847205,3.52,indic/old,43329.6088188426,3.55,real,43329.621582847205,3.58,3000.0,8/17/2018 3:12:04 PM,3.51,5000.0,43329.6285822569,43329.6333796296,3.58,-,3000.0,-,-,0.1,60,43329.6333796296,-,-,0,-,43329.6333939815,BidOnly,TPSC-qb,-,YIELD,,-,-,-,-,-,-,-,-,-,-,8/17/2018 3:12:04 PM,-,-,-,8/17/2018 3:12:04 PM,-,-,-,-,False,0.6215828472049907,0.6215828472049907,43329
2673,170205.IB,3.53,indic/old,43328.625741319396,3.5025,3.5085714285714302,Wide,43328.6109027778,3.5,indic/old,43328.625741319396,3.5,real,43328.6104974769,3.69998714994564,30000000.0,8/16/2018 3:23:49 PM,3.0000084690646602,30000000.0,43328.6415461806,43328.6415461806,3.69998714994564,100.2711,30000000.0,3.00000846906466,101.4012,30000000.0,60,43328.6415461806,-,-,0,-,43328.6415488079,TwoSide,cfets,-,PRICE,170205.IB_PKBond,8/17/2018 12:00:00 AM,-,-,-,-,-,-,-,-,-,8/16/2018 3:23:49 PM,-,-,-,8/16/2018 3:23:49 PM,-,-,-,-,False,0.6109027778002201,0.6109027778002201,43328
157,170206.IB,3.94,indic/old,43341.621165162,3.93625,3.935,Tight,43341.6247106481,3.9325,indic/old,43341.621165162,3.935,real,43341.6211644444,3.94500833151013,30000000.0,8/29/2018 2:59:35 PM,3.90500223364766,30000000.0,43341.6247106481,43341.6247106481,3.94500833151013,100.231,30000000.0,3.90500223364766,100.3644,30000000.0,60,43341.6247106481,-,-,0,-,43341.624749895804,TwoSide,cfets,-,PRICE,170206.IB_PKBond,8/30/2018 12:00:00 AM,-,-,-,-,-,-,-,-,-,8/29/2018 2:59:35 PM,-,-,-,8/29/2018 2:59:35 PM,-,-,-,-,False,0.6247106481023366,0.6247106481023366,43341
2038,170206.IB,3.945,real,43340.6247491898,3.94,3.9383333333333304,Tight,43340.6248958333,3.935,indic/old,43340.617520277796,3.935,estimated,43340.5613657407,3.9499975260115403,30000000.0,8/28/2018 2:59:51 PM,3.9044108612868302,30000000.0,43340.6248958333,43340.6248958333,3.94999752601154,100.2146,30000000.0,3.90441086128683,100.3667,30000000.0,60,43340.6248958333,-,-,0,-,43340.6249039468,TwoSide,cfets,-,PRICE,170206.IB_PKBond,8/29/2018 12:00:00 AM,-,-,-,-,-,-,-,-,-,8/28/2018 2:59:51 PM,-,-,-,8/28/2018 2:59:51 PM,-,-,-,-,False,0.6248958333017072,0.6248958333017072,43340
3019,170206.IB,3.94,indic/old,43339.6238295949,3.935,3.935,Tight,43339.6248611111,3.93,real,43339.6245967593,3.94,real,43339.612777777795,3.9449976882916897,30000000.0,8/27/2018 2:59:48 PM,3.9049875735003,30000000.0,43339.6248611111,43339.6248611111,3.94499768829169,100.2315,30000000.0,3.9049875735003,100.3651,30000000.0,60,43339.6248611111,-,-,0,-,43339.6248710301,TwoSide,cfets,-,PRICE,170206.IB_PKBond,8/28/2018 12:00:00 AM,-,-,-,-,-,-,-,-,-,8/27/2018 2:59:48 PM,-,-,-,8/27/2018 2:59:48 PM,-,-,-,-,False,0.624861111100472,0.624861111100472,43339
4493,170206.IB,3.91,indic/old,43336.621840277796,3.90125,3.89501484340305,Wide,43336.621840277796,3.8950110971139003,indic/old,43336.621840277796,3.9,real,43336.621840277796,3.94,3000.0,8/24/2018 3:12:40 PM,3.86,7000.0,43336.6338003704,43336.6338003704,3.94,-,3000.0,3.86,-,7000.0,60,43336.6338003704,-,-,0,-,43336.679275625,TwoSide,PATR-wind,-,YIELD,,-,-,-,-,-,-,-,-,-,-,8/24/2018 3:12:40 PM,-,-,-,8/24/2018 3:12:40 PM,-,-,-,-,False,0.6218402777958545,0.6218402777958545,43336
5475,170206.IB,3.9,indic/old,43335.6358333333,3.8975,3.89,Wide,43335.6136921296,3.885,indic/old,43335.622578738396,3.9,estimated,43335.6136921296,3.91000559072256,30000000.0,8/23/2018 3:19:04 PM,3.87499481104361,30000000.0,43335.6382407407,43335.6382407407,3.91000559072256,100.3496,30000000.0,3.87499481104361,100.467,30000000.0,60,43335.6382407407,-,-,0,-,43335.6382716319,TwoSide,cfets,-,PRICE,170206.IB_PKBond,8/24/2018 12:00:00 AM,-,-,-,-,-,-,-,-,-,8/23/2018 3:19:04 PM,-,-,-,8/23/2018 3:19:04 PM,-,-,-,-,False,0.6136921295983484,0.6136921295983484,43335
7614,170206.IB,3.965,real,43334.6246527778,3.96125,3.95500320846911,estimated,43334.6247447107,3.95500070927122,indic/old,43334.6247447107,3.96,real,43334.6247447107,3.98,0.1,8/22/2018 2:59:37 PM,3.93,2000.0,43334.6246527778,43334.6247447107,3.98,-,0.0,-,-,0.0,60,-,3.96,-,0,43334.6247447107,43334.624744039305,Trade,CFIC-wind,-,YIELD,,-,-,-,-,-,-,-,-,-,-,8/22/2018 2:59:37 PM,-,-,-,8/22/2018 2:59:37 PM,-,-,-,-,False,0.6247447107016342,0.6247447107016342,43334
8822,170206.IB,4.0,real,43333.6227757292,3.995,3.9911111111111097,Tight,43333.6227777778,3.99,real,43333.6227757292,3.995,real,43333.6227757292,4.00499012472479,30000000.0,8/21/2018 2:56:48 PM,3.96501167522151,30000000.0,43333.6227777778,43333.6227777778,4.00499012472479,100.0322,30000000.0,3.96501167522151,100.1659,30000000.0,60,43333.6227777778,-,-,0,-,43333.6227845949,TwoSide,cfets,-,PRICE,170206.IB_PKBond,8/22/2018 12:00:00 AM,-,-,-,-,-,-,-,-,-,8/21/2018 2:56:48 PM,-,-,-,8/21/2018 2:56:48 PM,-,-,-,-,False,0.6227777777967276,0.6227777777967276,43333
9609,170206.IB,3.95,indic/old,43332.6164814815,3.9475,3.9459375,Tight,43332.621767708304,3.945,indic/old,43332.6048263889,3.95,real,43332.6048263889,4.10639208527901,50000000.0,8/20/2018 2:55:20 PM,3.89998994619723,50000000.0,43332.621767708304,43332.621767708304,4.10639208527901,99.694,50000000.0,3.89998994619723,100.3842,50000000.0,60,43332.6217677083,-,-,0,-,43332.621769375,TwoSide,cfets,-,PRICE,170206.IB_PKBond,8/21/2018 12:00:00 AM,-,-,-,-,-,-,-,-,-,8/20/2018 2:55:20 PM,-,-,-,8/20/2018 2:55:20 PM,-,-,-,-,False,0.6217677083041053,0.6217677083041053,43332
11383,170206.IB,3.93,indic/old,43329.6338506366,3.9125,3.92428571428571,Wide,43329.6127793634,3.91,real,43329.6395334838,3.91,real,43329.6125602431,3.94,5000.0,8/17/2018 3:20:55 PM,3.91,5000.0,43329.6395334838,43329.6395334838,3.94,-,5000.0,3.91,-,5000.0,60,43329.6395334838,-,-,0,-,43329.6395802778,TwoSide,PATR-wind,-,YIELD,,-,-,-,-,-,-,-,-,-,-,8/17/2018 3:20:55 PM,-,-,-,8/17/2018 3:20:55 PM,-,-,-,-,False,0.6127793634004775,0.6127793634004775,43329
12330,170206.IB,3.89,indic/old,43328.6259713657,3.8825,3.88666666666667,Wide,43328.6236376389,3.88,real,43328.6271496528,3.88,real,43328.6234227894,3.9,8000.0,8/16/2018 3:03:27 PM,3.86,5000.0,43328.6273984954,43328.6273984954,3.9,-,8000.0,3.86,-,5000.0,60,43328.6273984954,-,-,0,-,43328.627421527795,TwoSide,TJXT-wind,-,YIELD,,-,-,-,-,-,-,-,-,-,-,8/16/2018 3:03:27 PM,-,-,-,8/16/2018 3:03:27 PM,-,-,-,-,False,0.6236376388987992,0.6236376388987992,43328
2290,170208.IB,4.12,indic/old,43336.408998831,4.1175,4.09916666666667,Wide,43336.4019949306,4.08,real,43336.4164742477,4.12,estimated,43336.4019949306,4.2211047662553,30000000.0,8/24/2018 9:52:39 AM,4.08,6000.0,43336.4164742477,43336.4164742477,-,-,0.1,4.08,-,6000.0,60,43336.4164742477,-,-,0,-,43336.4164987847,AskOnly,TJXT-wind,-,YIELD,,-,-,-,-,-,-,-,-,-,-,8/24/2018 9:59:43 AM,-,-,-,8/24/2018 9:59:43 AM,-,-,-,-,False,0.40199493060208624,0.40199493060208624,43336
2524,170208.IB,4.19,indic/old,43334.586103472204,4.185,4.19,average,43334.617050891204,4.18,real,43334.617050891204,4.18931975098749,estimated,43334.5859857639,4.25,5000.0,8/22/2018 2:44:17 PM,4.18,5000.0,43334.617050891204,43334.617050891204,-,-,0.1,4.18,-,5000.0,60,43334.6170508912,-,-,0,-,43334.6170718519,AskOnly,TJXT-wind,-,YIELD,,-,-,-,-,-,-,-,-,-,-,8/22/2018 2:48:33 PM,-,-,-,8/22/2018 2:48:33 PM,-,-,-,-,False,0.6170508912036894,0.6170508912036894,43334
2705,170208.IB,4.21,indic/old,43333.414008333304,4.19875,4.185,Wide,43333.4082220139,4.16,indic/old,43333.414008333304,4.2,real,43333.4082220139,4.38230207403831,50000000.0,8/21/2018 10:51:06 AM,3.98229693734339,50000000.0,43333.4521601852,43333.4521601852,4.38230207403831,99.5738,50000000.0,3.98229693734339,101.6655,50000000.0,60,43333.4521601852,-,-,0,-,43333.4521661227,TwoSide,cfets,-,PRICE,170208.IB_PKBond,8/22/2018 12:00:00 AM,-,-,-,-,-,-,-,-,-,8/21/2018 10:51:06 AM,-,-,-,8/21/2018 10:51:06 AM,-,-,-,-,False,0.4082220139025594,0.4082220139025594,43333
2901,170208.IB,4.165745269538,indic/old,43332.4352670139,4.1610761393007305,4.15640710633598,Tight,43332.4425925926,4.15640700906345,indic/old,43332.4241428819,4.165745269538,estimated,43332.4351200231,4.2448909857060295,30000000.0,8/20/2018 10:37:20 AM,4.05000069787164,30000000.0,43332.4425925926,43332.4425925926,4.24489098570603,100.2866,30000000.0,4.05000069787164,101.3084,30000000.0,60,43332.4425925926,-,-,0,-,43332.442603703705,TwoSide,cfets,-,PRICE,170208.IB_PKBond,8/21/2018 12:00:00 AM,-,-,-,-,-,-,-,-,-,8/20/2018 10:37:20 AM,-,-,-,8/20/2018 10:37:20 AM,-,-,-,-,False,0.44259259259706596,0.44259259259706596,43332
1454,170209.IB,3.68,indic/old,43341.4002428935,3.63125,3.67999314657507,Wide,43341.4015645255,3.61145889727911,indic/old,43341.4187962963,3.61145889727911,estimated,43341.4164351852,3.7499846289043397,30000000.0,8/29/2018 10:06:31 AM,3.59997881248806,30000000.0,43341.4211921296,43341.4211921296,3.74998462890434,100.7475,30000000.0,3.59997881248806,101.0383,30000000.0,60,43341.4211921296,-,-,0,-,43341.4212158218,TwoSide,cfets,-,PRICE,170209.IB_PKBond,8/30/2018 12:00:00 AM,-,-,-,-,-,-,-,-,-,8/29/2018 10:06:31 AM,-,-,-,8/29/2018 10:06:31 AM,-,-,-,-,False,0.40156452549854293,0.40156452549854293,43341
2244,170209.IB,3.71,indic/old,43340.4431077083,3.705,3.700625,Wide,43340.441481481495,3.695,indic/old,43340.4427351505,3.71,estimated,43340.4394756134,3.9096140328135096,50000000.0,8/28/2018 10:41:33 AM,3.4700027923716497,30000000.0,43340.4455310185,43340.4455310185,3.90961403281351,100.4398,50000000.0,3.47000279237165,101.2928,30000000.0,60,43340.4455310185,-,-,0,-,43340.4455327315,TwoSide,cfets,-,PRICE,170209.IB_PKBond,8/29/2018 12:00:00 AM,-,-,-,-,-,-,-,-,-,8/28/2018 10:41:33 AM,-,-,-,8/28/2018 10:41:33 AM,-,-,-,-,False,0.44148148149542976,0.44148148149542976,43340
2578,170209.IB,3.705,indic/old,43339.584657974505,3.7025,3.675,Wide,43339.617242013905,3.655,indic/old,43339.6199627315,3.7,real,43339.6023358681,3.8616143910149106,50000000.0,8/27/2018 2:59:30 PM,3.4116003485614,50000000.0,43339.6246570602,43339.6246570602,3.86161439101491,100.5329,50000000.0,3.4116003485614,101.4086,50000000.0,60,43339.6246570602,-,-,0,-,43339.6246587153,TwoSide,cfets,-,PRICE,170209.IB_PKBond,8/28/2018 12:00:00 AM,-,-,-,-,-,-,-,-,-,8/27/2018 2:59:30 PM,-,-,-,8/27/2018 2:59:30 PM,-,-,-,-,False,0.6172420139046153,0.6172420139046153,43339
2920,170209.IB,3.67,real,43336.6153470833,3.665,3.665,Tight,43336.6153470833,3.66,real,43336.6153470833,3.66,real,43336.5976055208,3.67,3000.0,8/24/2018 2:46:05 PM,3.66,3000.0,43336.6153470833,43336.6153470833,3.67,-,3000.0,3.66,-,3000.0,60,43336.6153470833,-,-,0,-,43336.6153903935,TwoSide,CFIC-wind,-,YIELD,,-,-,-,-,-,-,-,-,-,-,8/24/2018 2:46:05 PM,-,-,-,8/24/2018 2:46:05 PM,-,-,-,-,False,0.615347083301458,0.615347083301458,43336
3846,170209.IB,3.64,indic/old,43335.4270023148,3.6375,3.63,Wide,43335.4142361111,3.62,real,43335.4285433218,3.64,estimated,43335.4142361111,3.65,2000.0,8/23/2018 10:17:06 AM,3.62,5000.0,43335.4285433218,43335.4285433218,3.65,-,2000.0,3.62,-,5000.0,60,43335.4285433218,-,-,0,-,43335.4285546528,TwoSide,TJXT-wind,-,YIELD,,-,-,-,-,-,-,-,-,-,-,8/23/2018 10:17:06 AM,-,-,-,8/23/2018 10:17:06 AM,-,-,-,-,False,0.4142361111007631,0.4142361111007631,43335
4070,170209.IB,3.77,indic/old,43334.6221427083,3.7670793021085798,3.7575,Wide,43334.6221423611,3.72001702731534,real,43334.6314991898,3.7641586042171604,estimated,43334.622047337994,3.79,5000.0,8/22/2018 3:00:53 PM,3.72001702731534,30000000.0,43334.6314991898,43334.6314991898,-,-,0.1,3.72001702731534,100.8115,30000000.0,60,43334.6314991898,-,-,0,-,43334.6314994676,"Ignored/bid,",cfets,-,PRICE,170209.IB_PKBond,8/23/2018 12:00:00 AM,-,-,-,-,-,-,-,-,-,8/22/2018 3:09:21 PM,-,-,-,8/22/2018 3:09:21 PM,-,-,-,-,False,0.6221423610986676,0.6221423610986676,43334
4481,170209.IB,3.8,indic/old,43333.6047916667,3.7825,3.79,Wide,43333.6196875,3.78,indic/old,43333.622025462995,3.78,real,43333.6196296296,3.83051831913568,30000000.0,8/21/2018 3:01:20 PM,3.70002030553284,30000000.0,43333.625925925895,43333.625925925895,3.83051831913568,100.5965,30000000.0,3.70002030553284,100.8515,30000000.0,60,43333.6259259259,-,-,0,-,43333.6259405556,TwoSide,cfets,-,PRICE,170209.IB_PKBond,8/22/2018 12:00:00 AM,-,-,-,-,-,-,-,-,-,8/21/2018 3:01:20 PM,-,-,-,8/21/2018 3:01:20 PM,-,-,-,-,False,0.6196875000023283,0.6196875000023283,43333
4849,170209.IB,3.735,indic/old,43332.6204175463,3.73375,3.73428571428571,Tight,43332.6247339352,3.7325,real,43332.6245010185,3.7325,estimated,43332.6245010185,3.77,3000.0,8/20/2018 2:59:37 PM,3.73,15000.0,43332.6247339352,43332.6247339352,3.77,-,3000.0,3.73,-,15000.0,60,43332.6247339352,-,-,0,-,43332.6251398727,TwoSide,CBBJ-wind,-,YIELD,,-,-,-,-,-,-,-,-,-,-,8/20/2018 2:59:37 PM,-,-,-,8/20/2018 2:59:37 PM,-,-,-,-,False,0.6247339351975825,0.6247339351975825,43332
5273,170209.IB,3.74,indic/old,43329.6207820833,3.73125,3.7200033327778703,Wide,43329.6207813426,3.72,real,43329.6312732176,3.73,real,43329.6207813426,3.7605093560172795,30000000.0,8/17/2018 3:02:17 PM,3.72,2000.0,43329.6312732176,43329.6312732176,-,-,0.1,3.72,-,2000.0,60,43329.6312732176,-,-,0,-,43329.6316668981,AskOnly,CBBJ-wind,-,YIELD,,-,-,-,-,-,-,-,-,-,-,8/17/2018 3:09:02 PM,-,-,-,8/17/2018 3:09:02 PM,-,-,-,-,False,0.6207813426008215,0.6207813426008215,43329
5669,170209.IB,3.66,indic/old,43328.6539891435,3.6575,3.655,Wide,43328.6125694444,3.65,real,43328.6558120486,3.66,real,43328.611563009305,3.66,3000.0,8/16/2018 3:41:44 PM,3.65,3000.0,43328.6558120486,43328.6558120486,-,-,0.1,3.65,-,3000.0,60,43328.6558120486,-,-,0,-,43328.6562519676,AskOnly,CBBJ-wind,-,YIELD,,-,-,-,-,-,-,-,-,-,-,8/16/2018 3:44:22 PM,-,-,-,8/16/2018 3:44:22 PM,-,-,-,-,False,0.6125694443981047,0.6125694443981047,43328
1654,170212.IB,4.029999293856241,real,43340.631099537,3.9975,4.00999655097134,Wide,43340.6208790741,3.98999380808644,real,43340.631099537,4.0,estimated,43340.6208790741,4.029999293856241,30000000.0,8/28/2018 3:08:47 PM,3.98999380808644,30000000.0,43340.631099537,43340.631099537,4.02999929385624,101.5407,30000000.0,3.98999380808644,101.6942,30000000.0,60,43340.631099537,-,-,0,-,43340.6311505208,TwoSide,cfets,-,PRICE,170212.IB_PKBond,8/29/2018 12:00:00 AM,-,-,-,-,-,-,-,-,-,8/28/2018 3:08:47 PM,-,-,-,8/28/2018 3:08:47 PM,-,-,-,-,False,0.6208790741002304,0.6208790741002304,43340
2602,170212.IB,4.01000896610624,indic/old,43339.617384259305,3.99875,3.99999908455638,Wide,43339.617384259305,3.9899892030065205,indic/old,43339.6127430556,4.0,real,43339.617384259305,4.056214937182911,30000000.0,8/27/2018 3:13:14 PM,3.96998898744702,30000000.0,43339.6341898148,43339.6341898148,4.05621493718291,101.441,30000000.0,3.96998898744702,101.772,30000000.0,60,43339.6341898148,-,-,0,-,43339.6341992245,TwoSide,cfets,-,PRICE,170212.IB_PKBond,8/28/2018 12:00:00 AM,-,-,-,-,-,-,-,-,-,8/27/2018 3:13:14 PM,-,-,-,8/27/2018 3:13:14 PM,-,-,-,-,False,0.6173842593052541,0.6173842593052541,43339
4023,170212.IB,3.955,indic/old,43336.6139487963,3.9525,3.9549983338887,average,43336.6180416551,3.95,indic/old,43336.6139487963,3.95,real,43336.599584675896,3.98000150717669,110000000.0,8/24/2018 2:40:18 PM,3.93,11000.0,43336.6180416551,43336.6180416551,-,-,0.1,3.93,-,11000.0,60,43336.6180416551,-,-,0,-,43336.6180544329,AskOnly,CFIC-wind,-,YIELD,,-,-,-,-,-,-,-,-,-,-,8/24/2018 2:49:58 PM,-,-,-,8/24/2018 2:49:58 PM,-,-,-,-,False,0.6180416550996597,0.6180416550996597,43336
6133,170212.IB,3.97,real,43335.4215750347,3.9675,3.952,Wide,43335.414795544,3.94,real,43335.4215750347,3.97,estimated,43335.414795544,3.97,3000.0,8/23/2018 10:07:04 AM,3.94,2000.0,43335.4215750347,43335.4215750347,3.97,-,3000.0,3.94,-,2000.0,60,43335.4215750347,-,-,0,-,43335.4216205903,TwoSide,PATR-wind,-,YIELD,,-,-,-,-,-,-,-,-,-,-,8/23/2018 10:07:04 AM,-,-,-,8/23/2018 10:07:04 AM,-,-,-,-,False,0.41479554399847984,0.41479554399847984,43335
6356,170212.IB,4.05,real,43334.630625,4.02875366210938,4.035,Wide,43334.6122816435,4.02,real,43334.630625,4.03,real,43334.6122816435,4.05,3000.0,8/22/2018 3:08:06 PM,4.02,3000.0,43334.630625,43334.630625,4.05,-,3000.0,4.02,-,3000.0,60,43334.630625,-,-,0,-,43334.630635902795,TwoSide,TPSC-qb,-,YIELD,,-,-,-,-,-,-,-,-,-,-,8/22/2018 3:08:06 PM,-,-,-,8/22/2018 3:08:06 PM,-,-,-,-,False,0.6122816435017739,0.6122816435017739,43334
7577,170212.IB,4.07,real,43333.6280787037,4.06375,4.06375,Wide,43333.6241740278,4.06,real,43333.6280787037,4.06,real,43333.6241740278,4.07,5000.0,8/21/2018 3:04:26 PM,4.06,3000.0,43333.6280787037,43333.6280787037,4.07,-,5000.0,4.06,-,3000.0,60,43333.6280787037,-,-,0,-,43333.6280833796,TwoSide,TPSC-qb,-,YIELD,,-,-,-,-,-,-,-,-,-,-,8/21/2018 3:04:26 PM,-,-,-,8/21/2018 3:04:26 PM,-,-,-,-,False,0.6241740277982899,0.6241740277982899,43333
8209,170212.IB,4.04,indic/old,43332.6168838542,4.0325,4.02888888888889,Wide,43332.6162364236,4.02,indic/old,43332.6168838542,4.03,real,43332.6162364236,4.18050893297705,50000000.0,8/20/2018 3:01:17 PM,3.88999353017626,30000000.0,43332.625899074104,43332.625899074104,4.18050893297705,100.9694,50000000.0,3.88999353017626,102.0882,30000000.0,60,43332.6258990741,-,-,0,-,43332.625900856496,TwoSide,cfets,-,PRICE,170212.IB_PKBond,8/21/2018 12:00:00 AM,-,-,-,-,-,-,-,-,-,8/20/2018 3:01:17 PM,-,-,-,8/20/2018 3:01:17 PM,-,-,-,-,False,0.6162364236006397,0.6162364236006397,43332
9925,170212.IB,4.02,indic/old,43329.6294163079,4.0025,4.0199995000125,Wide,43329.6209043519,4.0,indic/old,43329.6234491667,4.0,real,43329.6190900926,4.04999576875031,30000000.0,8/17/2018 3:08:49 PM,3.9499973779948996,30000000.0,43329.6311226852,43329.6311226852,4.04999576875031,101.4708,30000000.0,3.9499973779949,101.8568,30000000.0,60,43329.6311226852,-,-,0,-,43329.6311302315,TwoSide,cfets,-,PRICE,170212.IB_PKBond,8/20/2018 12:00:00 AM,-,-,-,-,-,-,-,-,-,8/17/2018 3:08:49 PM,-,-,-,8/17/2018 3:08:49 PM,-,-,-,-,False,0.6209043518974795,0.6209043518974795,43329
11459,170212.IB,3.95499366093257,indic/old,43328.6213078704,3.95249683046629,3.95000016644982,Tight,43328.624545949104,3.95,indic/old,43328.6213078704,3.95499366093257,estimated,43328.620932210695,4.10109098940422,50000000.0,8/16/2018 2:59:20 PM,3.7010932554250497,50000000.0,43328.624545949104,43328.624545949104,4.10109098940422,101.2762,50000000.0,3.70109325542505,102.8306,50000000.0,60,43328.6245459491,-,-,0,-,43328.6245465162,TwoSide,cfets,-,PRICE,170212.IB_PKBond,8/17/2018 12:00:00 AM,-,-,-,-,-,-,-,-,-,8/16/2018 2:59:20 PM,-,-,-,8/16/2018 2:59:20 PM,-,-,-,-,False,0.6245459491037764,0.6245459491037764,43328
106,180202.IB,3.4756118550342405,indic/old,43341.4332550926,3.4720886656350296,3.47169720014623,Tight,43341.4422569444,3.46856547623582,indic/old,43341.4332157407,3.4756118550342405,estimated,43341.433151157406,3.59500774135074,30000000.0,8/29/2018 10:36:51 AM,3.3500905267027097,30000000.0,43341.4422569444,43341.4428925116,-,-,0.0,-,-,0.1,60,43341.4428925116,-,-,0,-,43341.4429058796,"Ignored/bid,",PATR-wind,-,YIELD,,-,-,-,-,-,-,-,-,-,-,8/29/2018 10:37:45 AM,-,-,-,8/29/2018 10:37:45 AM,-,-,-,-,False,0.44225694439955987,0.44225694439955987,43341
582,180202.IB,3.46060847849664,indic/old,43340.440801388904,3.4581084784966403,3.4565748023414504,Wide,43340.4404653935,3.45052428810868,indic/old,43340.4404653935,3.46060847849664,estimated,43340.4404653935,3.5999719326122794,110000000.0,8/28/2018 11:11:07 AM,3.44328218872156,30000000.0,43340.4660532407,43340.4660532407,3.59997193261228,101.2663,110000000.0,3.44328218872156,101.4866,30000000.0,60,43340.4660532407,-,-,0,-,43340.466077419,TwoSide,cfets,-,PRICE,180202.IB_PKBond,8/29/2018 12:00:00 AM,-,-,-,-,-,-,-,-,-,8/28/2018 11:11:07 AM,-,-,-,8/28/2018 11:11:07 AM,-,-,-,-,False,0.44046539349801606,0.44046539349801606,43340
822,180202.IB,3.4049848415193904,indic/old,43336.5772916667,3.4024924207597,3.4000009967689504,Tight,43339.4159505787,3.4,indic/old,43339.4149319792,3.4,real,43336.6508504514,3.6900073908743902,50000000.0,8/27/2018 9:58:58 AM,3.1799689398499305,30000000.0,43339.4159505787,43339.4159505787,3.69000739087439,101.1422,50000000.0,3.17996893984993,101.8621,30000000.0,60,43339.4159505787,-,-,0,-,43339.415956331,TwoSide,cfets,-,PRICE,180202.IB_PKBond,8/28/2018 12:00:00 AM,-,-,-,-,-,-,-,-,-,8/27/2018 9:58:58 AM,-,-,-,8/27/2018 9:58:58 AM,-,-,-,-,False,0.41595057870290475,0.41595057870290475,43339
907,180202.IB,3.4049848415193904,indic/old,43336.5772916667,3.4024924207597,3.4000002990725497,Tight,43336.6088541667,3.4,indic/old,43336.5826677893,3.4,estimated,43336.5816810764,3.49171192683801,30000000.0,8/24/2018 2:36:45 PM,3.39996773196994,50000000.0,43336.6088541667,43336.6088541667,3.49171192683801,101.4237,30000000.0,3.39996773196994,101.5534,50000000.0,60,43336.6088541667,-,-,0,-,43336.6089001273,TwoSide,cfets,-,PRICE,180202.IB_PKBond,8/27/2018 12:00:00 AM,-,-,-,-,-,-,-,-,-,8/24/2018 2:36:45 PM,-,-,-,8/24/2018 2:36:45 PM,-,-,-,-,False,0.6088541666977108,0.6088541666977108,43336
1125,180202.IB,3.42,indic/guess,43335.6203077431,3.4175,3.4116666666666697,estimated,43335.6203077431,3.41,real,43335.6203077431,3.42,real,43335.6203077431,3.42,4000.0,8/23/2018 2:53:14 PM,3.41,0.1,43335.6203077431,43335.6203077431,3.42,-,0.0,3.41,-,0.0,60,-,3.42,-,0,43335.6203077431,43335.6203313889,Trade,CFIC-wind,-,YIELD,,-,-,-,-,-,-,-,-,-,-,8/23/2018 2:53:14 PM,-,-,-,8/23/2018 2:53:14 PM,-,-,-,-,False,0.6203077430982376,0.6203077430982376,43335
1537,180202.IB,3.55,indic/old,43332.671799780095,3.5025,3.5285714285714302,Wide,43333.410562963,3.5,indic/old,43333.451276087995,3.5,real,43332.671799780095,3.7499996661541,50000000.0,8/21/2018 10:52:36 AM,3.40998806662784,30000000.0,43333.453202662,43333.453202662,3.7499996661541,101.0699,50000000.0,3.40998806662784,101.5535,30000000.0,60,43333.453202662,-,-,0,-,43333.453205162004,TwoSide,cfets,-,PRICE,180202.IB_PKBond,8/22/2018 12:00:00 AM,-,-,-,-,-,-,-,-,-,8/21/2018 10:52:36 AM,-,-,-,8/21/2018 10:52:36 AM,-,-,-,-,False,0.41056296299939277,0.41056296299939277,43333
1623,180202.IB,3.5,indic/old,43332.617304849504,3.4825,3.49555555555556,Wide,43332.616717476805,3.48,indic/old,43332.617304849504,3.48,real,43332.616690706,3.5,2000.0,8/20/2018 2:48:55 PM,3.42,5000.0,43332.6269097222,43332.6269097222,-,-,0.1,3.42,-,5000.0,60,43332.6269097222,-,-,0,-,43332.6269125926,AskOnly,TPSC-qb,-,YIELD,,-,-,-,-,-,-,-,-,-,-,8/20/2018 3:02:45 PM,-,-,-,8/20/2018 3:02:45 PM,-,-,-,-,False,0.6167174768052064,0.6167174768052064,43332
1894,180202.IB,3.4,indic/old,43328.4112037037,3.3675,3.38833333333333,Wide,43328.411087962995,3.365,indic/old,43328.4134143519,3.365,estimated,43328.411087962995,3.69999348667691,100000000.0,8/16/2018 10:43:07 AM,3.28001623487246,30000000.0,43328.446612037005,43328.446612037005,3.69999348667691,101.1513,100000000.0,3.28001623487246,101.7554,30000000.0,60,43328.446612037,-,-,0,-,43328.4466325116,TwoSide,cfets,-,PRICE,180202.IB_PKBond,8/17/2018 12:00:00 AM,-,-,-,-,-,-,-,-,-,8/16/2018 10:43:07 AM,-,-,-,8/16/2018 10:43:07 AM,-,-,-,-,False,0.4110879629952251,0.4110879629952251,43328
189,180203.IB,3.74,indic/old,43341.6100347222,3.73750423576544,3.73999985025864,Tight,43341.6246643519,3.73500847153088,real,43341.6246643519,3.74,real,43341.6033954167,3.7449813343647302,30000000.0,8/29/2018 2:59:31 PM,3.73500847153088,100000000.0,43341.6246643519,43341.6246643519,3.74498133436473,102.0489,30000000.0,3.73500847153088,102.0729,100000000.0,60,43341.6246643519,-,-,0,-,43341.6247495486,TwoSide,cfets,-,PRICE,180203.IB_PKBond,8/30/2018 12:00:00 AM,-,-,-,-,-,-,-,-,-,8/29/2018 2:59:31 PM,-,-,-,8/29/2018 2:59:31 PM,-,-,-,-,False,0.6246643518970814,0.6246643518970814,43341
2098,180203.IB,3.74629209164865,indic/old,43340.6172166667,3.7456485602691605,3.74512203459503,Tight,43340.6249074074,3.7450050288896697,indic/old,43340.6216435185,3.74629209164865,estimated,43340.6172166667,3.79499217054779,30000000.0,8/28/2018 2:59:52 PM,3.73442000789907,30000000.0,43340.6249074074,43340.6249074074,3.79499217054779,101.9307,30000000.0,3.73442000789907,102.0765,30000000.0,60,43340.6249074074,-,-,0,-,43340.6249257986,TwoSide,cfets,-,PRICE,180203.IB_PKBond,8/29/2018 12:00:00 AM,-,-,-,-,-,-,-,-,-,8/28/2018 2:59:52 PM,-,-,-,8/28/2018 2:59:52 PM,-,-,-,-,False,0.6249074074003147,0.6249074074003147,43340
4170,180203.IB,3.695,indic/old,43336.6133382523,3.689921875,3.689375,Wide,43336.6154172454,3.68,real,43336.6295267245,3.69,real,43336.6154172454,3.7,5000.0,8/24/2018 3:06:31 PM,3.68,5000.0,43336.6295267245,43336.6295267245,3.7,-,5000.0,3.68,-,5000.0,60,43336.6295267245,-,-,0,-,43336.6299317014,TwoSide,CBBJ-wind,-,YIELD,,-,-,-,-,-,-,-,-,-,-,8/24/2018 3:06:31 PM,-,-,-,8/24/2018 3:06:31 PM,-,-,-,-,False,0.6154172453971114,0.6154172453971114,43336
5890,180203.IB,3.69,real,43335.4176273148,3.68248446631705,3.6899949947357897,Wide,43335.4154206019,3.67998446631705,indic/old,43335.4154206019,3.68,real,43335.4145481366,3.69,5000.0,8/23/2018 10:01:23 AM,3.67,5000.0,43335.4176273148,43335.4176273148,3.69,-,5000.0,3.67,-,5000.0,60,43335.4176273148,-,-,0,-,43335.417630081,TwoSide,TPSC-qb,-,YIELD,,-,-,-,-,-,-,-,-,-,-,8/23/2018 10:01:23 AM,-,-,-,8/23/2018 10:01:23 AM,-,-,-,-,False,0.4154206019011326,0.4154206019011326,43335
6113,180203.IB,3.7742163357433904,indic/old,43334.5778306713,3.7721081678717,3.7700000281087203,Tight,43334.6203356481,3.77,indic/old,43334.6115409375,3.7742163357433904,estimated,43334.5777993056,3.8260932046644,30000000.0,8/22/2018 2:53:17 PM,3.76500785189643,30000000.0,43334.6203356481,43334.6203356481,3.8260932046644,101.8677,30000000.0,3.76500785189643,102.0155,30000000.0,60,43334.6203356481,-,-,0,-,43334.6203452778,TwoSide,cfets,-,PRICE,180203.IB_PKBond,8/23/2018 12:00:00 AM,-,-,-,-,-,-,-,-,-,8/22/2018 2:53:17 PM,-,-,-,8/22/2018 2:53:17 PM,-,-,-,-,False,0.620335648098262,0.620335648098262,43334
7147,180203.IB,3.83500588095483,real,43333.4570486111,3.7953125,3.7500135987651495,Wide,43333.440150463,3.75,indic/old,43333.440150463,3.83,real,43333.440150463,3.83500588095483,50000000.0,8/21/2018 10:58:09 AM,3.74501685500587,50000000.0,43333.4570486111,43333.4570486111,3.83500588095483,101.8481,50000000.0,3.74501685500587,102.0661,50000000.0,60,43333.4570486111,-,-,0,-,43333.4570624537,TwoSide,cfets,-,PRICE,180203.IB_PKBond,8/22/2018 12:00:00 AM,-,-,-,-,-,-,-,-,-,8/21/2018 10:58:09 AM,-,-,-,8/21/2018 10:58:09 AM,-,-,-,-,False,0.4401504630004638,0.4401504630004638,43333
7654,180203.IB,3.77,indic/old,43332.4032410532,3.7625,3.765,Wide,43332.4133892708,3.76,indic/old,43332.4300137616,3.76,real,43332.402621597204,3.79998005370355,30000000.0,8/20/2018 10:21:48 AM,3.6200146293455497,30000000.0,43332.4318135417,43332.4318135417,3.79998005370355,101.9349,30000000.0,3.62001462934555,102.3725,30000000.0,60,43332.4318135417,-,-,0,-,43332.4318146991,TwoSide,cfets,-,PRICE,180203.IB_PKBond,8/21/2018 12:00:00 AM,-,-,-,-,-,-,-,-,-,8/20/2018 10:21:48 AM,-,-,-,8/20/2018 10:21:48 AM,-,-,-,-,False,0.4133892707977793,0.4133892707977793,43332
8101,180203.IB,3.67,indic/old,43328.620127314796,3.665,3.66375,average,43328.6223652778,3.66,real,43328.6223652778,3.66,estimated,43328.620127314796,3.7049974707159703,30000000.0,8/16/2018 2:55:58 PM,3.65,5000.0,43328.6223652778,43328.6223652778,-,-,0.1,-,-,0.1,60,43328.6223652778,-,-,0,-,43328.7918870718,Quote withdrawn,PATR-wind,-,YIELD,,-,-,-,-,-,-,-,-,-,-,8/16/2018 2:56:12 PM,-,-,-,8/16/2018 2:56:12 PM,-,-,-,-,False,0.6223652777989628,0.6223652777989628,43328
210,180204.IB,3.96299553689258,indic/old,43341.6095444444,3.96150146556723,3.96075442990455,Tight,43341.6247453704,3.96000739424187,indic/old,43341.6228383333,3.96000739424187,estimated,43341.6228383333,3.9650038296715997,50000000.0,8/29/2018 2:59:38 PM,3.9300082874177797,60000000.0,43341.6247453704,43341.6247453704,3.9650038296716,102.9495,50000000.0,3.93000828741778,103.096,60000000.0,60,43341.6247453704,-,-,0,-,43341.6247566319,TwoSide,cfets,-,PRICE,180204.IB_PKBond,8/30/2018 12:00:00 AM,-,-,-,-,-,-,-,-,-,8/29/2018 2:59:38 PM,-,-,-,8/29/2018 2:59:38 PM,-,-,-,-,False,0.6247453703981591,0.6247453703981591,43341
1857,180204.IB,3.9725,indic/old,43340.622556585695,3.97125,3.971875,Tight,43340.6245601852,3.97,indic/old,43340.6230260648,3.97,real,43340.622556585695,3.97749689309954,30000000.0,8/28/2018 2:59:22 PM,3.96000144202955,50000000.0,43340.6245601852,43340.6245601852,3.97749689309954,102.8989,30000000.0,3.96000144202955,102.9721,50000000.0,60,43340.6245601852,-,-,0,-,43340.624565787,TwoSide,cfets,-,PRICE,180204.IB_PKBond,8/29/2018 12:00:00 AM,-,-,-,-,-,-,-,-,-,8/28/2018 2:59:22 PM,-,-,-,8/28/2018 2:59:22 PM,-,-,-,-,False,0.6245601851987885,0.6245601851987885,43340
3496,180204.IB,3.97,real,43339.6257291667,3.95875154624709,3.96999880059075,Wide,43339.6141095602,3.9550061849883504,real,43339.6255262732,3.96,real,43339.6141095602,3.9700027498794,30000000.0,8/27/2018 3:01:19 PM,3.9499940211395606,30000000.0,43339.6259143519,43339.6259143519,3.9700027498794,102.9319,30000000.0,3.94999402113956,103.0157,30000000.0,60,43339.6259143519,-,-,0,-,43339.6259259144,TwoSide,cfets,-,PRICE,180204.IB_PKBond,8/28/2018 12:00:00 AM,-,-,-,-,-,-,-,-,-,8/27/2018 3:01:19 PM,-,-,-,8/27/2018 3:01:19 PM,-,-,-,-,False,0.6141095601997222,0.6141095601997222,43339
5523,180204.IB,3.925,indic/old,43336.6247473727,3.91875,3.9249975006248397,estimated,43336.6247473727,3.915,real,43336.6247473727,3.92,real,43336.6247473727,3.92,1000.0,8/24/2018 2:59:38 PM,3.915,2000.0,43336.6247473727,43336.6247473727,3.92,-,0.0,3.915,-,0.0,60,-,3.92,-,0,43336.6247473727,43336.6247823843,Trade,PATR-wind,-,YIELD,,-,-,-,-,-,-,-,-,-,-,8/24/2018 2:59:38 PM,-,-,-,8/24/2018 2:59:38 PM,-,-,-,-,False,0.6247473726980388,0.6247473726980388,43336
7176,180204.IB,3.91,indic/old,43335.6224916204,3.9075,3.90833333333333,Tight,43335.6249652778,3.905,indic/old,43335.6224916204,3.91,real,43335.6082859375,3.91500158462359,30000000.0,8/23/2018 2:59:57 PM,3.86501122556082,30000000.0,43335.6249652778,43335.6249652778,3.91500158462359,103.1696,30000000.0,3.86501122556082,103.3802,30000000.0,60,43335.6249652778,-,-,0,-,43335.6249776157,TwoSide,cfets,-,PRICE,180204.IB_PKBond,8/24/2018 12:00:00 AM,-,-,-,-,-,-,-,-,-,8/23/2018 2:59:57 PM,-,-,-,8/23/2018 2:59:57 PM,-,-,-,-,False,0.6249652777987649,0.6249652777987649,43335
9531,180204.IB,3.96999877012267,indic/old,43334.62330625,3.96374969253067,3.96000000024997,estimated,43334.6246948032,3.96,indic/guess,43334.6246948032,3.96,real,43334.6246948032,3.98,6000.0,8/22/2018 2:59:33 PM,3.96,5000.0,43334.6246948032,43334.6246948032,3.98,-,0.0,3.96,-,0.0,60,-,3.96,-,0,43334.6246948032,43334.624705706,Trade,TJXT-wind,-,YIELD,,-,-,-,-,-,-,-,-,-,-,8/22/2018 2:59:33 PM,-,-,-,8/22/2018 2:59:33 PM,-,-,-,-,False,0.6246948031985085,0.6246948031985085,43334
11450,180204.IB,4.01,indic/old,43333.623680555604,4.0003125,4.00999700184421,Wide,43333.624990717595,3.99500622287413,real,43333.6254622685,4.0,real,43333.624990717595,4.02,4000.0,8/21/2018 3:00:45 PM,3.99,2000.0,43333.6255208333,43333.6255208333,4.02,-,4000.0,3.99,-,2000.0,60,43333.6255208333,-,-,0,-,43333.625604027795,TwoSide,TPSC-qb,-,YIELD,,-,-,-,-,-,-,-,-,-,-,8/21/2018 3:00:45 PM,-,-,-,8/21/2018 3:00:45 PM,-,-,-,-,False,0.6249907175952103,0.6249907175952103,43333
13102,180204.IB,3.99,indic/old,43332.6230439815,3.9875,3.9875,Tight,43332.6244168982,3.985,indic/old,43332.6230439815,3.985,real,43332.622106481496,3.9900038385741903,30000000.0,8/20/2018 2:59:09 PM,3.98000127432841,50000000.0,43332.6244168982,43332.6244168982,3.99000383857419,102.8595,30000000.0,3.98000127432841,102.9015,50000000.0,60,43332.6244168982,-,-,0,-,43332.6244191898,TwoSide,cfets,-,PRICE,180204.IB_PKBond,8/21/2018 12:00:00 AM,-,-,-,-,-,-,-,-,-,8/20/2018 2:59:09 PM,-,-,-,8/20/2018 2:59:09 PM,-,-,-,-,False,0.6244168982011615,0.6244168982011615,43332
15597,180204.IB,3.98,real,43329.624770775496,3.9775,3.9760000000000004,Tight,43329.624770775496,3.975,real,43329.624770775496,3.98,real,43329.6187421412,3.98,4000.0,8/17/2018 2:59:40 PM,3.975,1000.0,43329.624770775496,43329.624770775496,3.98,-,4000.0,3.975,-,1000.0,60,43329.6247707755,-,-,0,-,43329.6247817245,"Ignored/trade,",TJXT-wind,-,YIELD,,-,-,-,-,-,-,-,-,-,-,8/17/2018 2:59:40 PM,-,-,-,8/17/2018 2:59:40 PM,-,-,-,-,False,0.6247707754955627,0.6247707754955627,43329
19397,180204.IB,3.94,real,43328.6248869097,3.935625,3.93250374812594,estimated,43328.6248869097,3.9325,indic/old,43328.6248825694,3.935,real,43328.6248869097,3.94,1000.0,8/16/2018 2:59:50 PM,3.91,6000.0,43328.6248869097,43328.6248869097,3.94,-,0.0,3.91,-,0.0,60,-,3.935,-,0,43328.6248869097,43328.6249214352,Trade,CFIC-wind,-,YIELD,,-,-,-,-,-,-,-,-,-,-,8/16/2018 2:59:50 PM,-,-,-,8/16/2018 2:59:50 PM,-,-,-,-,False,0.6248869097034913,0.6248869097034913,43328
135,180206.IB,4.28,indic/old,43341.5526251736,4.2775,4.27875,Tight,43341.6249537037,4.275,indic/old,43341.6113078704,4.28,estimated,43341.4786201157,4.32456047656366,30000000.0,8/29/2018 2:59:56 PM,4.26999324969136,80000000.0,43341.6249537037,43341.6249537037,4.32456047656366,102.258,30000000.0,4.26999324969136,102.5704,80000000.0,60,43341.6249537037,-,-,0,-,43341.624975034705,TwoSide,cfets,-,PRICE,180206.IB_PKBond,8/30/2018 12:00:00 AM,-,-,-,-,-,-,-,-,-,8/29/2018 2:59:56 PM,-,-,-,8/29/2018 2:59:56 PM,-,-,-,-,False,0.6249537037001573,0.6249537037001573,43341
1048,180206.IB,4.285,real,43340.6267551157,4.27875,4.2775,Wide,43340.6241588657,4.27,real,43340.626799919,4.275,real,43340.6241588657,4.29,5000.0,8/28/2018 3:02:35 PM,4.27,3000.0,43340.626799919,43340.626799919,4.29,-,5000.0,4.27,-,3000.0,60,43340.626799919,-,-,0,-,43340.626811597205,TwoSide,PATR-wind,-,YIELD,,-,-,-,-,-,-,-,-,-,-,8/28/2018 3:02:35 PM,-,-,-,8/28/2018 3:02:35 PM,-,-,-,-,False,0.6241588656994281,0.6241588656994281,43340
1796,180206.IB,4.2825,indic/old,43339.6009837963,4.28125,4.28125,Tight,43339.624903831,4.28,real,43339.624903831,4.28,real,43339.6094936921,4.285,1000.0,8/27/2018 2:59:51 PM,4.28,1000.0,43339.624903831,43339.624903831,4.285,-,1000.0,4.28,-,1000.0,60,43339.624903831,-,-,0,-,43339.6249382755,TwoSide,CFIC-wind,-,YIELD,,-,-,-,-,-,-,-,-,-,-,8/27/2018 2:59:51 PM,-,-,-,8/27/2018 2:59:51 PM,-,-,-,-,False,0.6249038309979369,0.6249038309979369,43339
2971,180206.IB,4.27,indic/old,43336.608721678196,4.26625,4.26999625187406,Tight,43336.6216180787,4.2625,indic/old,43336.6139148032,4.27,real,43336.608721678196,4.28,5000.0,8/24/2018 2:55:07 PM,4.26,3000.0,43336.6216180787,43336.6216180787,4.28,-,5000.0,4.26,-,3000.0,60,43336.6216180787,-,-,0,-,43336.6216430787,TwoSide,TJXT-wind,-,YIELD,,-,-,-,-,-,-,-,-,-,-,8/24/2018 2:55:07 PM,-,-,-,8/24/2018 2:55:07 PM,-,-,-,-,False,0.6216180787014309,0.6216180787014309,43336
3729,180206.IB,4.28,indic/old,43335.619583333304,4.2775,4.275,Wide,43335.617928240696,4.27,indic/old,43335.619583333304,4.28,real,43335.6007787384,4.30000503000046,50000000.0,8/23/2018 3:00:10 PM,4.22250115158559,30000000.0,43335.625115740695,43335.625115740695,4.30000503000046,102.404,50000000.0,4.22250115158559,102.8498,30000000.0,60,43335.6251157407,-,-,0,-,43335.6251216435,TwoSide,cfets,-,PRICE,180206.IB_PKBond,8/24/2018 12:00:00 AM,-,-,-,-,-,-,-,-,-,8/23/2018 3:00:10 PM,-,-,-,8/23/2018 3:00:10 PM,-,-,-,-,False,0.617928240695619,0.617928240695619,43335
5035,180206.IB,4.29,real,43334.6198177894,4.2875,4.288125,Tight,43334.6198177894,4.285,indic/old,43334.6171904977,4.285,real,43334.6171897569,4.29,3000.0,8/22/2018 2:52:32 PM,4.28,3000.0,43334.6198177894,43334.6198177894,4.29,-,3000.0,4.28,-,3000.0,60,43334.6198177894,-,-,0,-,43334.6335675231,TwoSide,PATR-wind,-,YIELD,,-,-,-,-,-,-,-,-,-,-,8/22/2018 2:52:32 PM,-,-,-,8/22/2018 2:52:32 PM,-,-,-,-,False,0.6198177893966204,0.6198177893966204,43334
6060,180206.IB,4.31,real,43333.4146990741,4.305,4.30625,average,43333.4152843866,4.3,real,43333.4152843866,4.3,real,43333.4145717593,4.31,3000.0,8/21/2018 9:57:10 AM,4.3,5000.0,43333.4152843866,43333.4152843866,-,-,0.1,4.3,-,5000.0,60,43333.4152843866,-,-,0,-,43333.4152982639,AskOnly,CFIC-wind,-,YIELD,,-,-,-,-,-,-,-,-,-,-,8/21/2018 9:58:00 AM,-,-,-,8/21/2018 9:58:00 AM,-,-,-,-,False,0.4152843866031617,0.4152843866031617,43333
6203,180206.IB,4.29,indic/old,43332.6098360185,4.285,4.28666666666667,Tight,43332.6165277778,4.28,indic/old,43332.6098360185,4.285,real,43332.602786678195,4.3199925729985,30000000.0,8/20/2018 2:47:48 PM,4.2499940166706605,50000000.0,43332.6165277778,43332.6407951042,-,-,0.1,-,-,0.1,60,43332.6407951042,-,-,0,-,43332.6407955556,Quote withdrawn,TJXT-wind,-,YIELD,,-,-,-,-,-,-,-,-,-,-,8/20/2018 3:22:44 PM,-,-,-,8/20/2018 3:22:44 PM,-,-,-,-,False,0.6165277777981828,0.6165277777981828,43332
7797,180206.IB,4.28,real,43329.4497278704,4.2625,4.27,Wide,43329.406407662005,4.26,real,43329.4497278704,4.26,real,43329.4057602315,4.28,2000.0,8/17/2018 10:47:36 AM,4.26,2000.0,43329.4497278704,43329.4497278704,4.28,-,2000.0,4.26,-,2000.0,60,43329.4497278704,-,-,0,-,43329.449740219905,TwoSide,TJXT-wind,-,YIELD,,-,-,-,-,-,-,-,-,-,-,8/17/2018 10:47:36 AM,-,-,-,8/17/2018 10:47:36 AM,-,-,-,-,False,0.40640766200522194,0.40640766200522194,43329
7924,180206.IB,4.235,indic/old,43328.6209040046,4.2325,4.233125,average,43328.6216027894,4.23,real,43328.6216027894,4.23,real,43328.6209032639,4.24,6000.0,8/16/2018 2:54:06 PM,4.23,5000.0,43328.6216027894,43328.6216027894,-,-,0.1,4.23,-,5000.0,60,43328.6216027894,-,-,0,-,43328.621625706,AskOnly,CFIC-wind,-,YIELD,,-,-,-,-,-,-,-,-,-,-,8/16/2018 2:55:06 PM,-,-,-,8/16/2018 2:55:06 PM,-,-,-,-,False,0.6216027893970022,0.6216027893970022,43328
8148,180206.IB,4.23,indic/old,43328.398587963,4.18375,4.18000136359917,Wide,43327.608125,4.18,real,43328.398587963,4.19,real,43327.608125,4.19,5000.0,8/16/2018 9:32:27 AM,4.18,3000.0,43328.398587963,43328.398587963,-,-,0.1,4.18,-,3000.0,60,43328.398587963,-,-,0,-,43328.3985921296,AskOnly,TPSC-qb,-,YIELD,,-,-,-,-,-,-,-,-,-,-,8/16/2018 9:33:58 AM,-,-,-,8/16/2018 9:33:58 AM,-,-,-,-,False,0.6081249999988358,0.6081249999988358,43327
239,180208.IB,3.7299871974082,real,43341.6261805556,3.7262467993520496,3.7081692111451696,Wide,43341.6239197917,3.69998746629653,real,43341.6261805556,3.725,real,43341.6239197917,3.7299871974082,80000000.0,8/29/2018 3:01:42 PM,3.69998746629653,30000000.0,43341.6261805556,43341.6261805556,3.7299871974082,100.8286,80000000.0,3.69998746629653,100.9038,30000000.0,60,43341.6261805556,-,-,0,-,43341.626250902795,TwoSide,cfets,-,PRICE,180208.IB_PKBond,8/30/2018 12:00:00 AM,-,-,-,-,-,-,-,-,-,8/29/2018 3:01:42 PM,-,-,-,8/29/2018 3:01:42 PM,-,-,-,-,False,0.6239197917020647,0.6239197917020647,43341
2094,180208.IB,3.76,real,43340.6277199074,3.745,3.7533333333333303,Wide,43340.6244444444,3.74,real,43340.6277199074,3.745,real,43340.6207003935,3.77499967581771,50000000.0,8/28/2018 3:04:08 PM,3.7399956311101,30000000.0,43340.6278703704,43340.6278703704,3.77499967581771,100.7167,50000000.0,3.7399956311101,100.8044,30000000.0,60,43340.6278703704,-,-,0,-,43340.6279173843,TwoSide,cfets,-,PRICE,180208.IB_PKBond,8/29/2018 12:00:00 AM,-,-,-,-,-,-,-,-,-,8/28/2018 3:04:08 PM,-,-,-,8/28/2018 3:04:08 PM,-,-,-,-,False,0.6244444444018882,0.6244444444018882,43340
4442,180208.IB,3.75,real,43339.6247512037,3.7475,3.74875,Tight,43339.6249984954,3.745,real,43339.6247512037,3.745,real,43339.6241435185,3.89161571623344,50000000.0,8/27/2018 2:59:59 PM,3.7399843095718395,30000000.0,43339.6249984954,43339.6249984954,3.89161571623344,100.4258,50000000.0,3.73998430957184,100.8053,30000000.0,60,43339.6249984954,-,-,0,-,43339.6250009722,TwoSide,cfets,-,PRICE,180208.IB_PKBond,8/28/2018 12:00:00 AM,-,-,-,-,-,-,-,-,-,8/27/2018 2:59:59 PM,-,-,-,8/27/2018 2:59:59 PM,-,-,-,-,False,0.624998495397449,0.624998495397449,43339
6470,180208.IB,3.69,real,43336.6245138889,3.685,3.68285714285714,Tight,43336.624518773104,3.68,real,43336.624518773104,3.69,estimated,43336.6245023148,3.695,5000.0,8/24/2018 2:59:18 PM,3.68,2000.0,43336.624518773104,43336.624518773104,3.695,-,5000.0,3.68,-,2000.0,60,43336.6245187731,-,-,0,-,43336.6249241435,TwoSide,CBBJ-wind,-,YIELD,,-,-,-,-,-,-,-,-,-,-,8/24/2018 2:59:18 PM,-,-,-,8/24/2018 2:59:18 PM,-,-,-,-,False,0.6245187731037731,0.6245187731037731,43336
8228,180208.IB,3.69500381309394,indic/old,43335.617314409705,3.6900109243628103,3.6950038129940803,Tight,43335.6249421296,3.68501803563169,indic/old,43335.6128125,3.69,real,43335.617314409705,3.7049930815198304,30000000.0,8/23/2018 2:59:55 PM,3.67998684312789,30000000.0,43335.6249421296,43335.6249421296,3.70499308151983,100.897,30000000.0,3.67998684312789,100.9601,30000000.0,60,43335.6249421296,-,-,0,-,43335.6249537384,TwoSide,cfets,-,PRICE,180208.IB_PKBond,8/24/2018 12:00:00 AM,-,-,-,-,-,-,-,-,-,8/23/2018 2:59:55 PM,-,-,-,8/23/2018 2:59:55 PM,-,-,-,-,False,0.6249421296015498,0.6249421296015498,43335
10748,180208.IB,3.775,indic/old,43334.6242484838,3.7725,3.7749975016880297,Wide,43334.6242484838,3.76000762987382,real,43334.6290625,3.775,real,43334.6221087269,3.77501241869781,70000000.0,8/22/2018 3:06:00 PM,3.75500778416309,50000000.0,43334.6291704861,43334.6291704861,3.77501241869781,100.7214,70000000.0,3.75500778416309,100.7718,50000000.0,60,43334.6291704861,-,-,0,-,43334.6291702199,TwoSide,cfets,-,PRICE,180208.IB_PKBond,8/23/2018 12:00:00 AM,-,-,-,-,-,-,-,-,-,8/22/2018 3:06:00 PM,-,-,-,8/22/2018 3:06:00 PM,-,-,-,-,False,0.6242484838003293,0.6242484838003293,43334
12303,180208.IB,3.82,real,43333.6248006713,3.81999387545789,3.81999999959171,Tight,43333.6249074074,3.81998775091578,real,43333.6249074074,3.82,real,43333.623429664396,3.8249941380287797,30000000.0,8/21/2018 2:59:52 PM,3.81998775091578,30000000.0,43333.6249074074,43333.6249074074,3.82499413802878,100.5963,30000000.0,3.81998775091578,100.6089,30000000.0,60,43333.6249074074,-,-,0,-,43333.6249365741,TwoSide,cfets,-,PRICE,180208.IB_PKBond,8/22/2018 12:00:00 AM,-,-,-,-,-,-,-,-,-,8/21/2018 2:59:52 PM,-,-,-,8/21/2018 2:59:52 PM,-,-,-,-,False,0.6249074074003147,0.6249074074003147,43333
13915,180208.IB,3.7694196286791004,indic/old,43332.606368287,3.76235490716977,3.7525000000422994,Wide,43332.6192623148,3.7525,indic/old,43332.6192623148,3.76,real,43332.6192623148,3.77,2000.0,8/20/2018 2:57:14 PM,3.75,5000.0,43332.6230803009,43332.6230803009,3.77,-,2000.0,3.75,-,5000.0,60,43332.6230803009,-,-,0,-,43332.6230925,"Ignored/trade,",TJXT-wind,-,YIELD,,-,-,-,-,-,-,-,-,-,-,8/20/2018 2:57:14 PM,-,-,-,8/20/2018 2:57:14 PM,-,-,-,-,False,0.6192623148017447,0.6192623148017447,43332
15733,180208.IB,3.7753212879153697,real,43329.6254398148,3.7378125,3.73000755228927,Wide,43329.6249516204,3.73,indic/old,43329.6249516204,3.74,real,43329.6249516204,3.7757172018305702,30000000.0,8/17/2018 3:01:10 PM,3.6799871202202796,30000000.0,43329.6258101852,43329.6258101852,3.77571720183057,100.722,30000000.0,3.67998712022028,100.9642,30000000.0,60,43329.6258101852,-,-,0,-,43329.6258226042,TwoSide,cfets,-,PRICE,180208.IB_PKBond,8/20/2018 12:00:00 AM,-,-,-,-,-,-,-,-,-,8/17/2018 3:01:10 PM,-,-,-,8/17/2018 3:01:10 PM,-,-,-,-,False,0.6249516203970416,0.6249516203970416,43329
16968,180208.IB,3.67,real,43328.6246064815,3.65625,3.65461538461538,Wide,43328.6240527431,3.65,real,43328.6246064815,3.66,real,43328.6240527431,3.7000151805705697,80000000.0,8/16/2018 2:59:45 PM,3.6200048381271297,30000000.0,43328.6248263889,43328.6248263889,3.70001518057057,100.9164,80000000.0,3.62000483812713,101.1199,30000000.0,60,43328.6248263889,-,-,0,-,43328.6248341898,TwoSide,cfets,-,PRICE,180208.IB_PKBond,8/17/2018 12:00:00 AM,-,-,-,-,-,-,-,-,-,8/16/2018 2:59:45 PM,-,-,-,8/16/2018 2:59:45 PM,-,-,-,-,False,0.6240527431000373,0.6240527431000373,43328
