Date,FR001,FR007,FR014,FDR001,FDR007,FDR014,Shibor_O/N,Shibor_1W,Shibor_1M,Shibor_3M,Shibor_6M,Shibor_9M,Shibor_1Y
43343,2.34,2.66,2.7,2.32,2.64,2.65,2.309,2.633,2.72,2.894,3.207,3.415,3.503
43342,2.3,2.7,2.7,2.28,2.62,2.5,2.277,2.64,2.727,2.894,3.209,3.411,3.506
43341,2.4,2.7,2.8,2.39,2.64,2.6,2.3895,2.646,2.742,2.897,3.207,3.411,3.509
43340,2.43,2.66,2.9,2.42,2.63,2.64,2.4255,2.647,2.75,2.899,3.195,3.41,3.514
43339,2.45,2.65,2.8,2.44,2.65,2.65,2.44,2.642,2.751,2.895,3.172,3.411,3.512
43336,2.4,2.5,2.8,2.39,2.59,2.71,2.392,2.612,2.738,2.889,3.156,3.408,3.511
43335,2.46,2.62,2.95,2.45,2.64,2.8,2.454,2.649,2.731,2.887,3.128,3.405,3.512
43334,2.55,2.7,3,2.53,2.65,2.93,2.538,2.662,2.701,2.878,3.076,3.352,3.491
43333,2.64,2.8,3,2.63,2.65,2.98,2.636,2.681,2.694,2.856,3.053,3.325,3.446
43332,2.64,2.7,3,2.62,2.66,2.92,2.625,2.674,2.676,2.83,2.997,3.276,3.406
43329,2.59,2.65,2.61,2.57,2.65,2.6,2.58,2.65,2.653,2.817,2.971,3.219,3.364
43328,2.51,2.6,2.55,2.5,2.6,2.47,2.511,2.637,2.639,2.813,2.946,3.184,3.329
43327,2.35,2.6,2.5,2.34,2.59,2.45,2.345,2.612,2.631,2.807,2.93,3.155,3.285
43326,2.33,2.59,2.45,2.33,2.62,2.4,2.328,2.589,2.613,2.799,2.925,3.133,3.265
43325,2.12,2.4,2.3,2.11,2.47,2.2,2.113,2.491,2.603,2.791,2.915,3.119,3.235
43322,1.83,2.29,2.3,1.82,2.34,2.13,1.826,2.426,2.616,2.801,2.925,3.131,3.244
43321,1.63,2.3,2.3,1.63,2.4,2.1,1.622,2.45,2.643,2.816,2.954,3.152,3.256
43320,1.43,2.3,2.4,1.42,2.3,2.2,1.422,2.345,2.678,2.842,2.995,3.195,3.314
43319,1.62,2.3,2.3,1.61,2.26,2.25,1.613,2.386,2.728,2.895,3.068,3.271,3.395
43318,1.83,2.37,2.3,1.82,2.35,2.25,1.819,2.469,2.791,2.954,3.144,3.35,3.475
43315,1.85,2.4,2.33,1.85,2.35,2.3,1.849,2.525,2.837,3.003,3.213,3.432,3.551
43314,1.99,2.5,2.55,1.97,2.5,2.39,1.97,2.584,2.884,3.056,3.269,3.504,3.626
43313,2.033,2.6,2.65,2.02,2.59,2.3,2.028,2.622,2.935,3.119,3.333,3.554,3.682
43312,2.08,2.67,2.8,2.07,2.64,2.5,2.066,2.648,2.965,3.174,3.38,3.589,3.712
43311,2.2,2.7,3,2.2,2.65,2.8,2.198,2.651,2.994,3.233,3.433,3.633,3.737
43308,2.29,2.8,3,2.28,2.65,2.75,2.284,2.654,3.035,3.303,3.514,3.688,3.781
43307,2.33,2.75,3,2.32,2.65,2.8,2.321,2.66,3.071,3.363,3.556,3.727,3.812
43306,2.35,2.7,3,2.34,2.66,2.8,2.349,2.667,3.103,3.419,3.634,3.77,3.851
43305,2.36,2.64,3,2.35,2.64,2.86,2.353,2.655,3.121,3.475,3.69,3.814,3.897
43304,2.37,2.65,3,2.36,2.64,2.84,2.362,2.658,3.162,3.503,3.724,3.85,3.923
43301,2.34,2.65,3.1,2.33,2.65,2.88,2.346,2.675,3.183,3.536,3.748,3.875,3.953
43300,2.41,2.66,3.1,2.4,2.65,2.85,2.416,2.683,3.198,3.561,3.776,3.887,3.962
43299,2.52,2.75,3.2,2.5,2.68,2.9,2.525,2.702,3.214,3.588,3.793,3.895,3.969
43298,2.6,2.85,3,2.58,2.68,2.86,2.591,2.703,3.2151,3.601,3.8,3.901,3.969
43297,2.55,2.7,3,2.54,2.67,2.9,2.557,2.699,3.21,3.608,3.8,3.903,3.962
43294,2.47,2.65,2.9,2.46,2.65,2.8,2.48,2.686,3.208,3.613,3.799,3.902,3.961
43293,2.48,2.64,2.9,2.48,2.64,2.7,2.487,2.686,3.222,3.626,3.805,3.908,3.969
43292,2.4,2.65,2.75,2.4,2.65,2.7,2.406,2.679,3.241,3.632,3.82,3.911,3.976
43291,2.3,2.65,2.7,2.3,2.65,2.55,2.308,2.657,3.285,3.649,3.847,3.928,3.994
43290,2,2.6,2.6,1.98,2.6,2.5,1.991,2.602,3.34,3.682,3.87,3.946,4.009
43287,1.95,2.5,2.6,1.93,2.53,2.5,1.967,2.588,3.446,3.74,3.904,3.976,4.039
43286,2.13,2.55,2.67,2.1,2.55,2.57,2.132,2.605,3.571,3.818,3.97,4.033,4.082
43285,2.2,2.61,2.8,2.17,2.61,2.63,2.199,2.662,3.732,3.919,4.051,4.097,4.149
43284,2.41,2.7,3,2.4,2.65,2.8,2.42,2.719,3.8824,3.9944,4.1253,4.1703,4.2238
43283,2.52,2.8,3.3,2.5,2.67,3.1,2.519,2.78,4.004,4.104,4.193,4.243,4.298
43280,2.8,3.4,4.3,2.62,2.99,4.3,2.628,2.862,4.031,4.155,4.223,4.273,4.331
43279,2.27,3.87,4.8,2.25,2.75,4.63,2.289,2.841,4.064,4.192,4.241,4.292,4.352
43278,2.42,3.1,4.9,2.41,2.83,4.8,2.445,2.834,4.097,4.242,4.274,4.31,4.37
43277,2.52,2.8,5,2.51,2.7,4.83,2.518,2.831,4.125,4.261,4.296,4.329,4.381
43276,2.55,2.8,5,2.54,2.7,4.92,2.564,2.826,4.134,4.272,4.3,4.333,4.385
43273,2.58,2.8,5.4,2.56,2.7,4.02,2.586,2.819,4.151,4.305,4.312,4.35,4.398
43272,2.58,3,6.2,2.57,2.72,5.3,2.593,2.825,4.157,4.329,4.322,4.351,4.4
43271,2.62,3.04,4.7,2.6,2.79,3.5,2.619,2.822,4.157,4.334,4.326,4.352,4.4
43270,2.58,3,4.13,2.56,2.72,3.6,2.59,2.809,4.144,4.346,4.324,4.352,4.4
43266,2.58,3,3.55,2.57,2.74,3.55,2.592,2.81,4.126,4.352,4.332,4.353,4.399
43265,2.6,3.2,3.6,2.57,2.8,3.6,2.591,2.809,4.107,4.351,4.323,4.352,4.4
43264,2.6,3,3.55,2.575,2.75,3.52,2.589,2.8,4.101,4.351,4.321,4.35,4.4
43263,2.6,3,3.45,2.57,2.75,3.4,2.584,2.789,4.087,4.352,4.317,4.349,4.399
43262,2.57,2.78,3.3,2.56,2.69,3.2,2.573,2.776,4.083,4.353,4.313,4.348,4.398
43259,2.57,2.85,3.25,2.55,2.68,3.21,2.563,2.772,4.054,4.351,4.311,4.345,4.397
43258,2.55,2.9,3.25,2.53,2.67,3.2,2.555,2.783,4.05,4.35,4.307,4.344,4.395
43257,2.55,2.9,3.3,2.53,2.7,3.21,2.562,2.792,4.042,4.354,4.307,4.343,4.394
43256,2.57,2.9,3.5,2.55,2.67,3.22,2.584,2.802,4.025,4.346,4.308,4.343,4.394
43255,2.59,2.9,3.6,2.57,2.69,3.47,2.599,2.818,3.993,4.341,4.307,4.34,4.393
43252,2.82,3.2,3.67,2.79,2.93,3.65,2.801,2.897,3.966,4.339,4.304,4.336,4.391
43251,2.83,3.54,4.3,2.8,2.75,4.29,2.831,2.898,3.905,4.329,4.296,4.333,4.388
43250,2.92,4,4.3,2.9,2.83,4.22,2.884,2.895,3.872,4.312,4.289,4.33,4.385
43249,2.76,3.4,4.1,2.75,2.8,3.94,2.742,2.848,3.85,4.282,4.265,4.326,4.381
43248,2.53,2.85,3.899,2.52,2.7,3.8,2.533,2.806,3.84,4.242,4.243,4.318,4.376
43245,2.52,3,3.8,2.51,2.72,3.73,2.528,2.794,3.847,4.215,4.229,4.315,4.373
43244,2.53,2.75,3.82,2.52,2.67,3.79,2.53,2.751,3.845,4.193,4.215,4.311,4.371
43243,2.53,2.8,3.95,2.52,2.67,3.8,2.53,2.752,3.841,4.173,4.211,4.309,4.373
43242,2.53,2.73,3.9,2.51,2.67,3.8,2.525,2.755,3.838,4.16,4.207,4.307,4.371
43241,2.52,2.71,3.8,2.51,2.67,3.68,2.527,2.756,3.832,4.151,4.207,4.309,4.371
43238,2.55,2.72,3.9,2.55,2.68,3.68,2.563,2.768,3.833,4.147,4.202,4.309,4.37
43237,2.58,2.86,3.58,2.56,2.75,3.6,2.597,2.803,3.831,4.101,4.194,4.306,4.366
43236,2.78,3.54,4,2.76,2.82,3.9,2.766,2.835,3.825,4.082,4.188,4.304,4.363
43235,2.65,3,3.64,2.63,2.71,3.6,2.641,2.773,3.813,4.072,4.172,4.297,4.355
43234,2.57,2.8,3.28,2.56,2.69,3.23,2.58,2.738,3.801,4.06,4.162,4.289,4.353
43231,2.47,2.72,3.2,2.46,2.68,3.1,2.487,2.713,3.799,4.05,4.155,4.285,4.348
43230,2.5,2.7,3.17,2.49,2.66,3.1,2.509,2.723,3.806,4.034,4.152,4.282,4.346
43229,2.5,2.7,3.2,2.48,2.68,3.05,2.52,2.734,3.816,4.013,4.152,4.278,4.346
43228,2.58,2.7,3.2,2.56,2.66,3,2.575,2.751,3.829,3.9994,4.151,4.2825,4.348
43227,2.58,2.71,3.35,2.56,2.67,3.4,2.582,2.768,3.84,3.9943,4.15,4.285,4.349
43224,2.57,2.8,3.4,2.56,2.67,3.2,2.594,2.806,3.851,3.993,4.154,4.291,4.357
43223,2.66,3.1,3.6,2.63,2.79,3.6,2.681,2.852,3.87,3.993,4.162,4.296,4.364
43222,2.72,3.3,3.8,2.7,2.9,3.7,2.72,2.892,3.893,4.003,4.174,4.306,4.376
43218,2.8,3,4,2.8,2.98,4,2.824,2.972,3.9,4.005,4.18,4.309,4.382
43217,2.92,3.54,5.3,2.92,2.95,4.99,2.921,2.978,3.899,4.007,4.184,4.313,4.385
43216,2.8,3.5,5,2.76,2.9,4.6,2.765,2.925,3.865,3.992,4.183,4.315,4.383
43215,2.76,3.54,5,2.7,3.3,5,2.728,2.911,3.78,3.984,4.185,4.317,4.38
43214,2.85,3.54,5.8,2.68,2.85,4.7,2.736,2.907,3.748,3.991,4.193,4.326,4.394
43213,2.8,2.87,4.7,2.68,2.8,4.5,2.724,2.9,3.751,4.004,4.211,4.336,4.409
43210,2.9,3.54,5,2.78,2.76,4.9,2.747,2.893,3.761,4.017,4.238,4.353,4.419
43209,2.8,3.5,4.5,2.75,2.76,4.5,2.733,2.884,3.791,4.05,4.275,4.378,4.448
43208,2.69,3.5,3.9,2.67,2.85,3.88,2.679,2.858,3.821,4.103,4.313,4.415,4.5
43207,2.7,3.3,3.9,2.66,2.85,3.89,2.665,2.843,3.834,4.174,4.351,4.444,4.537
43206,2.58,2.85,3.4,2.57,2.72,3.3,2.582,2.802,3.821,4.173,4.351,4.448,4.534
43203,2.56,2.8,3.24,2.55,2.67,3.18,2.557,2.798,3.825,4.179,4.356,4.451,4.535
43202,2.56,2.8,3.22,2.55,2.68,3.2,2.557,2.8,3.842,4.199,4.367,4.453,4.536
43201,2.58,2.8,3.26,2.56,2.68,3.2,2.561,2.804,3.871,4.209,4.38,4.459,4.538
43200,2.56,2.8,3.3,2.55,2.69,3.2,2.551,2.807,3.915,4.229,4.394,4.4666,4.542
43199,2.53,2.7,3.3,2.52,2.66,3.2,2.528,2.806,3.9701,4.2579,4.414,4.4726,4.5489
43198,2.43,2.7,3.25,2.42,2.7,3.24,2.446,2.812,4.011,4.2781,4.4424,4.4852,4.559
43194,2.44,2.8,3.3,2.43,2.69,3.35,2.469,2.83,4.0597,4.3101,4.474,4.5112,4.58
43193,2.58,2.9,3.5,2.55,2.74,3.4,2.574,2.87,4.1268,4.3506,4.4931,4.5313,4.6033
43192,2.62,2.99,3.51,2.6,2.72,3.5,2.622,2.883,4.1879,4.4052,4.5309,4.5623,4.625
43189,2.73,3.5,5,2.7,3,4.6,2.69,2.9166,4.2884,4.4615,4.5686,4.6021,4.6508
43188,2.56,3.2,4.8,2.56,2.84,4.58,2.581,2.8958,4.3133,4.5247,4.6053,4.6405,4.678
43187,2.58,3.1,4.9,2.58,2.8,4.5,2.592,2.889,4.3421,4.6174,4.6656,4.6999,4.7148
43186,2.6,2.9,4.5,2.58,2.73,4.45,2.5935,2.874,4.3906,4.6239,4.6606,4.7043,4.7188
43185,2.54,2.75,4.6,2.53,2.74,4.5,2.543,2.862,4.4094,4.6351,4.6925,4.7088,4.7233
43182,2.56,2.9,4.8,2.55,2.7,4.74,2.545,2.8464,4.4364,4.6489,4.7005,4.7133,4.7248
43181,2.55,3,5,2.53,2.73,4.9,2.549,2.8538,4.4662,4.6621,4.7095,4.7178,4.737
43180,2.56,3,4.1,2.55,2.76,4.08,2.559,2.858,4.5042,4.6751,4.7185,4.7285,4.7418
43179,2.55,3.1,3.92,2.54,2.75,3.83,2.558,2.861,4.5093,4.685,4.734,4.7318,4.7418
43178,2.55,3,3.5,2.54,2.7,3.3,2.561,2.863,4.5121,4.704,4.7418,4.7318,4.7418
43175,2.58,3,3.6,2.56,2.71,3.54,2.586,2.865,4.5101,4.712,4.7488,4.7318,4.7418
43174,2.64,3.16,3.7,2.61,2.8,3.6,2.632,2.866,4.4908,4.7139,4.7588,4.7318,4.7418
43173,2.65,3,3.8,2.62,2.86,3.73,2.633,2.869,4.4578,4.719,4.7568,4.7313,4.7418
43172,2.65,3.3,3.8,2.64,2.85,3.73,2.637,2.87,4.4071,4.725,4.7518,4.7313,4.7418
43171,2.59,2.9,3.5,2.57,2.76,3.5,2.586,2.858,4.3707,4.735,4.7518,4.7313,4.7418
43168,2.58,2.9,3.5,2.56,2.7,3.5,2.573,2.857,4.3265,4.741,4.7508,4.7313,4.7418
43167,2.55,2.9,3.5,2.541,2.7,3.5,2.57,2.862,4.2544,4.7407,4.7468,4.7313,4.7418
43166,2.59,3,3.6,2.56,2.78,3.7,2.592,2.873,4.1936,4.7364,4.7404,4.7305,4.742
43165,2.6,3.1,3.8,2.59,2.8,3.76,2.617,2.886,4.1453,4.7332,4.7334,4.73,4.742
43164,2.65,3.3,3.8,2.62,2.75,3.8,2.652,2.894,4.0726,4.722,4.7332,4.73,4.742
43161,2.78,3.3,3.75,2.76,2.85,3.75,2.773,2.897,4.0451,4.7191,4.7319,4.73,4.742
43160,2.7,3.2,3.8,2.67,2.85,3.6,2.691,2.896,4.0403,4.7154,4.7289,4.73,4.742
43159,2.74,3.49,3.8,2.7,3,3.8,2.708,2.906,4.0428,4.7131,4.7287,4.73,4.742
43158,2.55,3.4,3.75,2.54,2.8,3.7,2.561,2.861,4.038,4.7103,4.727,4.73,4.7422
43157,2.56,3.01,3.75,2.55,2.75,3.7,2.571,2.87,4.0443,4.7128,4.729,4.73,4.742
43155,2.54,2.85,3.78,2.54,2.85,3.5,2.56,2.876,4.0526,4.7078,4.7291,4.73,4.742
43154,2.56,3,3.86,2.56,2.83,3.85,2.597,2.881,4.0557,4.7076,4.7307,4.7299,4.742
43153,2.61,3.06,3.8,2.6,2.85,3.8,2.631,2.891,4.0666,4.7054,4.7268,4.7281,4.7434
43145,2.8,2.85,3.6,2.7,2.8,3.8,2.723,2.91,4.0751,4.7031,4.728,4.731,4.744
43144,2.58,2.98,4.35,2.57,2.75,4.34,2.587,2.928,4.0705,4.7006,4.7287,4.7312,4.7456
43143,2.56,2.86,4.1,2.56,2.85,4.09,2.585,2.918,4.075,4.696,4.7269,4.7312,4.7456
43142,2.6,2.75,4.07,2.6,2.75,4.07,2.608,2.917,4.0694,4.6974,4.7289,4.7312,4.7456
43140,2.59,2.95,3.9,2.59,2.8,3.85,2.589,2.918,4.074,4.6936,4.729,4.7312,4.7456
43139,2.57,2.9,3.92,2.56,2.89,3.85,2.572,2.904,4.078,4.696,4.7291,4.7313,4.7455
43138,2.57,2.72,4,2.56,2.7,4,2.571,2.771,4.0809,4.707,4.7302,4.7323,4.745
43137,2.54,2.75,3.9,2.53,2.68,3.9,2.539,2.7706,4.0887,4.7206,4.7313,4.7321,4.7465
43136,2.53,2.73,3.9,2.52,2.69,3.9,2.5305,2.7758,4.107,4.7258,4.7323,4.7302,4.7446
43133,2.52,2.8,3.9,2.5,2.72,3.9,2.5173,2.788,4.1293,4.7278,4.7322,4.7314,4.7457
43132,2.5,2.85,3.9,2.49,2.7,3.9,2.5154,2.7925,4.1329,4.7276,4.732,4.7332,4.7463
43131,2.6,3.2,3.8,2.58,2.81,3.8,2.594,2.8298,4.1289,4.7257,4.73,4.7312,4.7423
43130,2.535,3.2,3.82,2.53,2.87,3.8,2.554,2.838,4.1288,4.7267,4.7299,4.7311,4.7423
43129,2.56,3.14,3.9,2.56,2.84,3.9,2.566,2.842,4.1276,4.727,4.7287,4.7303,4.7423
43126,2.54,3.36,3.9,2.52,2.8,3.9,2.5506,2.842,4.1257,4.7292,4.727,4.7324,4.7423
43125,2.56,3.05,4.1,2.55,2.85,4,2.5634,2.8498,4.1269,4.7317,4.7297,4.7333,4.7423
43124,2.57,3,4.22,2.55,2.75,4.21,2.574,2.832,4.1183,4.7267,4.7268,4.7323,4.7423
43123,2.6,3,4.3,2.57,2.79,4.21,2.602,2.863,4.1123,4.7163,4.7278,4.7322,4.7423
43122,2.75,3.3,4.3,2.745,2.85,4.02,2.771,2.889,4.1122,4.7122,4.7272,4.7318,4.7429
43119,2.88,3.4,4.4,2.85,2.84,4.3,2.836,2.891,4.1113,4.7115,4.7216,4.7274,4.7384
43118,2.79,3.49,4.5,2.75,2.83,4.5,2.7655,2.878,4.0921,4.7044,4.7154,4.7237,4.7332
43117,2.8,3.25,4.5,2.71,2.76,4.5,2.765,2.878,4.0905,4.6935,4.7133,4.7165,4.732
43116,2.8,3,4.2,2.75,2.84,4.2,2.785,2.879,4.0941,4.6843,4.7124,4.7142,4.7296
43115,2.8,3,4.1,2.77,2.75,4.08,2.794,2.86,4.0904,4.683,4.7139,4.7116,4.7253
43112,2.85,3.45,4,2.82,2.8,3.98,2.83,2.864,4.1134,4.6791,4.7085,4.7052,4.7233
43111,2.85,3.49,3.9,2.82,2.89,3.84,2.832,2.832,4.1632,4.6701,4.7049,4.7017,4.723
43110,2.65,3,3.65,2.63,2.78,3.65,2.643,2.776,4.1821,4.6607,4.699,4.697,4.72
43109,2.52,2.85,3.5,2.51,2.67,3.5,2.529,2.744,4.2209,4.657,4.7026,4.697,4.72
43108,2.45,2.75,3.5,2.45,2.67,3.5,2.461,2.737,4.2886,4.6594,4.7052,4.6989,4.72
43105,2.47,2.73,3.5,2.45,2.66,3.4,2.484,2.745,4.3756,4.6637,4.7118,4.699,4.7249
43104,2.5,2.8,3.6,2.47,2.68,3.58,2.505,2.76,4.476,4.687,4.738,4.702,4.7286
43103,2.55,2.9,3.6,2.53,2.7,3.4,2.5635,2.785,4.622,4.73,4.783,4.711,4.736
43102,2.62,2.88,3.8,2.6,2.71,3.8,2.657,2.839,4.743,4.804,4.831,4.715,4.747
43098,2.82,6,8.5,2.8,3.44,6,2.84,2.954,4.9352,4.9133,4.8823,4.7207,4.7581
43097,2.65,4.6,6.5,2.65,2.85,6.5,2.672,2.925,4.932,4.9123,4.8821,4.7166,4.761
43096,2.66,3.1,6.3,2.65,2.8,5.6,2.666,2.905,4.93,4.9129,4.8804,4.7154,4.7594
43095,2.57,3,6,2.56,2.78,5.3,2.589,2.892,4.9277,4.909,4.8839,4.7131,4.7631
43094,2.55,2.8,4.65,2.54,2.72,4,2.569,2.881,4.9162,4.9092,4.8885,4.7102,4.7605
43091,2.58,2.9,4.9,2.57,2.73,4,2.612,2.867,4.8402,4.8908,4.8698,4.7051,4.7489
43090,2.65,3.15,5,2.62,2.78,4.6,2.665,2.871,4.7718,4.8676,4.8473,4.7005,4.7382
43089,2.72,3.4,4.05,2.7,2.81,4,2.73,2.874,4.7377,4.8559,4.8322,4.6943,4.7219
43088,2.7,3.35,4.08,2.72,2.82,3.99,2.741,2.873,4.6869,4.8385,4.812,4.6926,4.6987
43087,2.7,3.35,4.08,2.7,2.83,4,2.723,2.871,4.6382,4.8348,4.8097,4.6852,4.697
43084,2.7,3.4,4.2,2.69,2.86,4.15,2.724,2.871,4.5814,4.8175,4.8067,4.6817,4.6997
43083,2.82,3.44,4.4,2.8,2.82,4.3,2.803,2.868,4.5534,4.8144,4.7963,4.6765,4.6862
43082,2.82,3.44,4.2,2.8,2.82,4.2,2.788,2.851,4.524,4.8039,4.7821,4.6647,4.6716
43081,2.75,3.44,4.05,2.73,2.8,4,2.726,2.83,4.4898,4.799,4.7703,4.6565,4.6651
43080,2.7,3.2,3.85,2.67,2.8,3.81,2.688,2.818,4.4574,4.7992,4.7629,4.6542,4.6607
43077,2.6,3,3.8,2.58,2.76,3.8,2.608,2.799,4.4335,4.7918,4.7485,4.652,4.6562
43076,2.59,3,3.81,2.57,2.76,3.8,2.585,2.791,4.395,4.7873,4.7343,4.6492,4.6519
43075,2.56,3.2,3.8,2.55,2.73,3.79,2.573,2.787,4.3394,4.783,4.7322,4.6418,4.6486
43074,2.56,3,3.77,2.55,2.75,3.72,2.579,2.799,4.3039,4.7901,4.7312,4.6378,4.6459
43073,2.58,2.9,3.79,2.57,2.74,3.79,2.6,2.816,4.2384,4.7804,4.722,4.6273,4.6383
43070,2.62,3,3.8,2.6,2.8,3.8,2.642,2.851,4.1632,4.7639,4.7093,4.623,4.6329
43069,2.8,3.44,4.5,2.78,2.84,4.5,2.788,2.898,4.072,4.7594,4.703,4.62,4.629
43068,2.65,3.44,4.8,2.62,2.8,4.8,2.683,2.877,4.037,4.7438,4.6796,4.6093,4.6194
43067,2.8,3.45,4.9,2.78,2.84,4.8,2.799,2.883,4.0367,4.728,4.666,4.6028,4.6138
43066,2.82,3.44,4.8,2.8,2.73,4.65,2.819,2.883,4.0368,4.7103,4.6495,4.5975,4.6072
43063,2.8,3.44,5,2.78,3.29,4.8,2.797,2.873,4.0379,4.6722,4.6344,4.5907,4.6018
43062,2.8,3.08,5.03,2.76,2.8,5,2.803,2.871,4.0388,4.6518,4.6236,4.5862,4.5971
43061,2.8,3.44,4.8,2.76,2.78,4.7,2.809,2.868,4.0376,4.6375,4.6159,4.582,4.5904
43060,2.85,3.44,4.4,2.81,2.78,4.2,2.808,2.861,4.0351,4.6243,4.6086,4.5694,4.5835
43059,2.8,3.25,4.4,2.78,2.75,4,2.786,2.859,4.0301,4.6222,4.606,4.5636,4.575
43056,2.73,3.4,4.2,2.7,2.75,4,2.738,2.865,4.0307,4.6016,4.5804,4.5553,4.5704
43055,2.8,3.1,4.3,2.77,2.8,4.2,2.8,2.886,4.027,4.5656,4.5437,4.5225,4.5432
43054,2.8,3.44,4.4,2.78,2.9,4.39,2.806,2.886,4.0164,4.5455,4.5227,4.4946,4.5018
43053,2.85,3.4,4.3,2.81,2.81,4.2,2.827,2.8765,4.0144,4.5346,4.4968,4.4686,4.4778
43052,2.83,3.44,4.2,2.8,2.85,4.1,2.787,2.8592,4.0132,4.5155,4.4675,4.4583,4.4661
43049,2.75,3.44,4,2.72,2.9,3.98,2.717,2.8455,4.0104,4.4747,4.4569,4.4482,4.4573
43048,2.65,3.4,3.8,2.64,2.8,3.8,2.646,2.811,4.0034,4.4568,4.4489,4.4403,4.4497
43047,2.6,3.2,3.7,2.59,2.7,3.7,2.595,2.7892,3.9935,4.4377,4.439,4.4345,4.4422
43046,2.55,3,3.65,2.53,2.7,3.62,2.552,2.7878,3.9975,4.4314,4.4319,4.4255,4.4402
43045,2.49,2.9,3.6,2.46,2.7,3.61,2.512,2.797,4.0059,4.4294,4.4297,4.4237,4.4364
43042,2.55,2.86,3.7,2.53,2.72,3.8,2.5772,2.8249,4.0133,4.4217,4.4165,4.4235,4.4338
43041,2.6,3.1,3.8,2.57,2.8,3.8,2.626,2.859,4.0289,4.4099,4.4101,4.4171,4.4287
43040,2.75,3.44,4.1,2.73,2.85,4.05,2.739,2.894,4.029,4.408,4.4034,4.4114,4.4223
43039,2.89,2.7,4.8,2.7,2.7,4.8,2.736,2.894,4.027,4.3954,4.3978,4.4063,4.4176
43038,2.7,3.44,4.4,2.68,2.85,4.2,2.72,2.888,4.02,4.3926,4.3936,4.402,4.4107
43035,2.75,3.29,4.35,2.7,2.71,4.3,2.7181,2.8788,4.0194,4.3901,4.3926,4.4001,4.4045
43034,2.7,3.44,4.3,2.69,3.1,4.3,2.6937,2.8699,4.019,4.3845,4.3916,4.3988,4.4049
43033,2.68,3.4,4.3,2.65,2.93,4.3,2.664,2.8594,4.0188,4.383,4.3891,4.398,4.4029
43032,2.65,3.2,4.2,2.62,2.71,4.2,2.634,2.8343,4.0186,4.3803,4.3892,4.398,4.4017
43031,2.62,3,4.2,2.6,2.74,4.1,2.616,2.8341,4.02,4.3793,4.3888,4.398,4.4032
43028,2.55,3.1,4.1,2.54,2.8,4.1,2.5782,2.8379,4.0235,4.3758,4.3883,4.399,4.4032
43027,2.57,3.1,4.2,2.56,2.81,4.1,2.592,2.8405,4.0285,4.3737,4.3892,4.3977,4.4016
43026,2.59,3.24,3.85,2.57,2.85,3.85,2.596,2.8468,4.0342,4.3729,4.3887,4.3978,4.4018
43025,2.6,3.1,3.8,2.58,2.83,3.79,2.6003,2.8483,4.0356,4.3711,4.388,4.3979,4.4015
43024,2.58,3.1,3.75,2.56,2.89,3.75,2.594,2.848,4.0427,4.3668,4.3875,4.3978,4.4012
43021,2.57,3.1,3.8,2.56,2.8,3.79,2.605,2.8516,4.049,4.3599,4.3868,4.398,4.4017
43020,2.62,3.3,3.8,2.6,2.8,3.8,2.657,2.886,4.0512,4.3581,4.3877,4.3973,4.401
43019,2.75,3.44,4.3,2.72,2.85,4.3,2.741,2.9247,4.052,4.3555,4.3872,4.3983,4.4025
43018,2.75,3.44,4.5,2.7,2.99,4.4,2.738,2.939,4.056,4.3541,4.3868,4.398,4.403
43017,2.7,3.44,4.3,2.68,3.4,4.3,2.74,2.9201,4.0614,4.3502,4.3878,4.399,4.403
43008,2.94,3.15,4,2.93,3.1,3.93,2.938,2.9671,4.0693,4.3565,4.3863,4.3975,4.404
43007,2.77,3.25,5.5,2.76,2.75,4.5,2.804,2.9639,4.0743,4.3561,4.3865,4.3976,4.4043
43006,2.95,2.93,4.15,2.93,2.85,3.7,2.917,2.9675,4.0565,4.356,4.3866,4.398,4.4049
43005,2.89,3.44,4.8,2.86,3.3,3.95,2.863,2.9494,4.0174,4.3565,4.3875,4.399,4.4048
43004,2.89,3.44,4.3,2.85,3.44,3.79,2.837,2.9291,4.0062,4.3558,4.3875,4.3978,4.404
43003,2.76,3.4,4.56,2.75,2.92,4.04,2.758,2.8987,3.9941,4.3578,4.3884,4.3977,4.4033
43000,2.77,3.44,3.9,2.74,2.84,3.8,2.756,2.858,3.9908,4.3611,4.39,4.399,4.4028
42999,2.85,3.44,3.95,2.82,2.81,3.8,2.8057,2.869,3.9897,4.3675,4.3919,4.397,4.4031
42998,2.8,3.44,4.5,2.77,2.77,4.45,2.79,2.869,3.9854,4.367,4.3918,4.3989,4.404
42997,2.88,3.44,4.65,2.85,2.81,4.65,2.832,2.868,3.9815,4.3638,4.3903,4.3988,4.4032
42996,2.78,3.5,4.3,2.76,2.85,4.2,2.756,2.844,3.9667,4.3643,4.3874,4.3976,4.4012
42993,2.69,3.44,4.1,2.66,2.8,4.1,2.6958,2.832,3.951,4.3647,4.387,4.398,4.4015
42992,2.68,3.5,4,2.65,2.85,3.9,2.681,2.8239,3.9361,4.3675,4.3874,4.397,4.399
42991,2.65,3.6,3.9,2.62,2.75,3.8,2.65,2.8056,3.9305,4.3711,4.3891,4.3957,4.401
42990,2.65,3.44,3.8,2.61,2.75,3.79,2.6483,2.8036,3.9354,4.3768,4.3908,4.397,4.4009
42989,2.63,3.3,3.8,2.61,2.75,3.8,2.644,2.8014,3.9339,4.4034,4.3974,4.4011,4.4033
42986,2.62,3.25,3.8,2.6,2.77,3.75,2.636,2.8023,3.937,4.4281,4.4019,4.4011,4.4059
42985,2.63,3.2,3.8,2.61,2.75,3.79,2.6406,2.8056,3.9335,4.4348,4.4014,4.4006,4.4055
42984,2.61,3.4,3.8,2.59,2.7,3.76,2.641,2.8092,3.919,4.4271,4.3981,4.3965,4.4034
42983,2.63,3.4,3.81,2.6,2.68,3.8,2.665,2.8202,3.9094,4.4173,4.3961,4.3942,4.4032
42982,2.73,3.44,3.9,2.7,2.8,3.85,2.75,2.8572,3.9032,4.4023,4.3919,4.3916,4.4017
42979,2.83,3.44,3.87,2.8,2.87,3.83,2.813,2.8764,3.892,4.3741,4.3861,4.3919,4.4023
42978,2.85,3.44,4.65,2.82,2.83,4.6,2.831,2.8879,3.892,4.3728,4.3884,4.3945,4.4038
42977,2.94,3.44,4.64,2.89,2.72,4.6,2.9237,2.9266,3.9055,4.3867,4.3968,4.4018,4.4133
42976,2.95,3.44,4.5,2.92,2.72,4.5,2.922,2.921,3.8962,4.3765,4.3937,4.4008,4.4107
42975,2.85,3.6,4.2,2.83,2.69,4.2,2.851,2.9064,3.8915,4.374,4.3924,4.3975,4.4078
42972,2.88,3.44,4.21,2.85,2.85,4.2,2.855,2.9098,3.8872,4.3689,4.3898,4.3945,4.4068
42971,2.85,3.44,4.5,2.82,2.83,4.4,2.8479,2.904,3.8839,4.3619,4.3896,4.394,4.4051
42970,2.85,4,4.5,2.83,2.8,4.45,2.8453,2.9028,3.8757,4.3571,4.3892,4.3929,4.4041
42969,2.75,3.45,4.45,2.7,2.8,4.43,2.8171,2.8985,3.8712,4.3505,4.3872,4.3924,4.4032
42968,2.85,3.44,4.2,2.83,2.72,4.2,2.8482,2.897,3.8671,4.3464,4.3847,4.3923,4.402
42965,2.85,3.44,4.3,2.8,2.7,4.25,2.8355,2.894,3.8644,4.344,4.3836,4.3912,4.401
42964,2.84,4.6,4.55,2.8,2.74,4.4,2.8352,2.8927,3.8582,4.3417,4.3818,4.3899,4.4
42963,2.84,3.62,4.4,2.8,2.82,4.3,2.8213,2.88,3.85,4.3363,4.3787,4.3892,4.4
42962,2.8,3.7,4,2.79,2.74,3.95,2.798,2.874,3.848,4.3268,4.3795,4.3888,4.3999
42961,2.75,3.4,3.7,2.73,2.8,3.7,2.7743,2.868,3.8512,4.3148,4.3763,4.3859,4.3981
42958,2.8,3.2,3.6,2.76,2.79,3.6,2.79,2.8725,3.8627,4.2979,4.3673,4.3837,4.3985
42957,2.8,3.4,3.7,2.78,2.86,3.72,2.797,2.8767,3.8691,4.2867,4.3636,4.3836,4.3985
42956,2.82,3.44,3.7,2.8,2.87,3.7,2.8018,2.8821,3.8756,4.2818,4.3633,4.3823,4.398
42955,2.8,3.44,3.71,2.78,2.8,3.7,2.784,2.871,3.8755,4.2735,4.3614,4.3821,4.397
42954,2.75,3.2,3.6,2.72,2.74,3.5,2.736,2.865,3.8781,4.2733,4.3573,4.3821,4.398
42951,2.7,3.1,3.68,2.67,2.75,3.7,2.721,2.8657,3.8828,4.2724,4.3562,4.3822,4.3979
42950,2.8,3.4,3.8,2.78,2.83,3.8,2.807,2.884,3.8884,4.2704,4.3563,4.3838,4.3982
42949,2.85,3.8,4,2.84,2.8,4,2.832,2.892,3.8875,4.2681,4.3521,4.3837,4.3961
42948,2.81,4,4.3,2.78,2.8,4.3,2.8093,2.886,3.8886,4.2631,4.3518,4.3815,4.3931
42947,2.79,3.4,4.14,2.73,2.75,4.1,2.806,2.882,3.889,4.2561,4.3493,4.379,4.3881
42944,2.86,3.44,4.1,2.82,2.73,4.1,2.8152,2.877,3.8915,4.2514,4.3481,4.3761,4.3892
42943,2.81,3.44,4.05,2.79,2.82,4,2.786,2.8626,3.8994,4.25,4.3432,4.376,4.3908
42942,2.75,3.44,4.1,2.72,2.75,4.02,2.725,2.849,3.9086,4.251,4.3434,4.3759,4.3904
42941,2.75,3.44,4.15,2.7,2.8,4.07,2.7147,2.849,3.9205,4.254,4.3444,4.377,4.3935
42940,2.7,3.2,4.2,2.66,2.75,4.1,2.708,2.845,3.93,4.255,4.3453,4.3782,4.396
42937,2.75,3.44,4.1,2.69,2.8,4.05,2.733,2.847,3.9497,4.255,4.3517,4.3804,4.3977
42936,2.78,3.44,4.3,2.76,2.78,4.1,2.7534,2.853,3.9792,4.2551,4.3597,4.3812,4.3976
42935,2.76,3.6,4.4,2.71,2.73,4,2.722,2.842,3.992,4.26,4.3685,4.3854,4.4008
42934,2.74,3.4,4.06,2.7,2.68,3.8,2.701,2.8293,3.9989,4.2666,4.3692,4.3879,4.4034
42933,2.64,3.2,3.5,2.6,2.75,3.5,2.6329,2.8057,4.012,4.2706,4.379,4.3929,4.405
42930,2.62,3.05,3.6,2.6,2.68,3.4,2.627,2.803,4.0397,4.281,4.385,4.395,4.4051
42929,2.66,3.2,3.68,2.65,2.75,3.66,2.659,2.8184,4.0675,4.29,4.3879,4.3978,4.4074
42928,2.7,3.3,3.7,2.64,2.77,3.67,2.646,2.8156,4.0848,4.3088,4.3909,4.3961,4.4066
42927,2.64,3.1,3.61,2.6,2.75,3.6,2.621,2.812,4.1205,4.3212,4.3995,4.398,4.4075
42926,2.54,2.95,3.6,2.52,2.69,3.63,2.549,2.784,4.161,4.3421,4.4006,4.398,4.4073
42923,2.52,2.8,3.6,2.51,2.68,3.64,2.533,2.7858,4.215,4.3607,4.41,4.398,4.4091
42922,2.52,3,3.66,2.51,2.71,3.73,2.5473,2.7919,4.2762,4.3876,4.4274,4.399,4.4108
42921,2.55,2.95,3.7,2.53,2.68,3.75,2.583,2.8028,4.338,4.4285,4.4431,4.4,4.413
42920,2.68,3.2,3.75,2.66,2.7,3.75,2.6897,2.8299,4.3987,4.4606,4.4569,4.4,4.4162
42919,2.75,3.2,3.8,2.71,2.8,3.52,2.72,2.841,4.4252,4.4857,4.47,4.4005,4.4193
42916,2.63,3.9,3.8,2.61,2.8,3.79,2.618,2.8455,4.4608,4.5009,4.4743,4.4006,4.4203
42915,2.5,3,4.5,2.5,2.82,4.1,2.539,2.8507,4.4955,4.5211,4.4833,4.402,4.4193
42914,2.5,3.41,4.6,2.48,2.7,4.3,2.5596,2.8577,4.5219,4.5522,4.4998,4.4086,4.4299
42913,2.57,2.99,4.6,2.55,2.7,4.1,2.626,2.8834,4.548,4.5833,4.5134,4.411,4.433
42912,2.68,2.95,4.25,2.66,2.7,4.08,2.717,2.9063,4.5738,4.6125,4.521,4.4154,4.4369
42909,2.8,3,4.3,2.76,2.79,4.13,2.81,2.936,4.589,4.63,4.5277,4.4167,4.4345
42908,2.85,3.4,3.98,2.83,2.89,3.88,2.869,2.9432,4.607,4.6521,4.5306,4.4177,4.4342
42907,2.9,3.44,4.4,2.87,2.72,4,2.889,2.9429,4.6322,4.688,4.5349,4.4181,4.4359
42906,2.89,3.44,4.26,2.86,3,4,2.8776,2.93,4.6584,4.7141,4.5389,4.414,4.4368
42905,2.85,3.4,4,2.85,2.72,4,2.8635,2.9204,4.6979,4.747,4.543,4.4094,4.431
42902,2.85,3.3,4,2.84,2.8,3.9,2.8528,2.914,4.699,4.7613,4.5416,4.4064,4.4297
42901,2.84,3.44,3.8,2.82,3.14,3.78,2.8317,2.9047,4.6946,4.7723,4.5353,4.4039,4.4264
42900,2.81,3.4,3.85,2.8,2.86,3.79,2.825,2.9026,4.6826,4.7827,4.5326,4.3985,4.4231
42899,2.83,3.44,3.95,2.8,2.95,3.9,2.832,2.9,4.6529,4.7827,4.5258,4.3949,4.4208
42898,2.83,3.44,3.9,2.8,3.2,3.8,2.8302,2.8968,4.6273,4.7763,4.5176,4.3891,4.4172
42895,2.85,3.4,3.92,2.82,2.75,3.88,2.8275,2.8949,4.5854,4.7555,4.5056,4.3884,4.4116
42894,2.82,3.6,4,2.8,2.88,4,2.8199,2.8939,4.5146,4.7306,4.4955,4.3836,4.406
42893,2.8,3.5,3.9,2.75,2.68,3.8,2.809,2.8919,4.4304,4.6988,4.4844,4.3758,4.3991
42892,2.86,3.44,4,2.83,2.71,3.91,2.8419,2.8959,4.3633,4.6577,4.4631,4.3668,4.3922
42891,2.8,3.44,4,2.78,2.72,3.95,2.8167,2.894,4.283,4.6225,4.4542,4.3623,4.3862
42888,2.8,3.44,3.91,2.8,2.8,3.85,2.7953,2.884,4.1892,4.6012,4.449,4.3529,4.3773
42887,2.65,3.4,3.85,2.64,2.78,3.79,2.6525,2.866,4.1013,4.5779,4.451,4.3487,4.37
42886,2.62,3.1,3.95,2.62,2.66,3.8,2.6365,2.856,4.0763,4.5641,4.4499,4.3443,4.3579
42882,2.56,2.8,3.8,,,,2.601,2.854,4.0685,4.5528,4.4481,4.3414,4.3544
42881,2.57,3.2,4.1,,,,2.609,2.853,4.0655,4.5424,4.4437,4.3346,4.3435
42880,2.57,3.2,4.1,,,,2.611,2.843,4.0646,4.5338,4.4368,4.3251,4.3342
42879,2.58,2.9,4.2,,,,2.623,2.8426,4.0643,4.5177,4.4262,4.3107,4.322
42878,2.6,2.85,4.3,,,,2.654,2.8571,4.0624,4.4956,4.4215,4.2965,4.3137
42877,2.6,2.8,4.2,,,,2.6745,2.8679,4.061,4.4744,4.4148,4.2881,4.3024
42874,2.66,3.2,4.5,,,,2.715,2.88,4.0571,4.4641,4.413,4.285,4.2925
42873,2.76,3.44,3.85,,,,2.7641,2.8867,4.0525,4.4439,4.4043,4.2814,4.2864
42872,2.73,3.44,3.8,,,,2.7525,2.882,4.0495,4.4349,4.4021,4.2765,4.2831
42871,2.74,3.4,3.5,,,,2.746,2.8827,4.0477,4.4278,4.402,4.2727,4.2784
42870,2.65,3.15,3.79,,,,2.716,2.8833,4.0462,4.4184,4.3996,4.2679,4.2739
42867,2.75,3.4,3.8,,,,2.7911,2.9107,4.0468,4.4088,4.3952,4.2665,4.2724
42866,2.79,3.4,3.85,,,,2.813,2.9294,4.0507,4.4083,4.392,4.2644,4.2715
42865,2.82,3.3,3.7,,,,2.827,2.93,4.0463,4.3933,4.3857,4.2623,4.2674
42864,2.81,3.3,3.75,,,,2.8199,2.9233,4.0441,4.3848,4.3799,4.2557,4.2612
42863,2.8,3.3,3.8,,,,2.818,2.9091,4.0447,4.3731,4.3744,4.251,4.2555
42860,2.8,3.44,4,,,,2.8348,2.9186,4.0469,4.3608,4.3664,4.2466,4.2512
42859,2.87,4.3,4.4,,,,2.8506,2.927,4.0436,4.3476,4.3602,4.2449,4.2503
42858,2.85,4.5,4.4,,,,2.8451,2.913,4.0361,4.3309,4.35,4.2412,4.2453
42857,2.82,3.7,3.8,,,,2.8175,2.873,4.027,4.3002,4.3397,4.2317,4.233
42853,2.8,4.3,4.5,,,,2.819,2.8699,4.0237,4.2974,4.3364,4.2265,4.2296
42852,2.85,4,4.7,,,,2.792,2.8449,4.0161,4.2917,4.3331,4.2244,4.2255
42851,2.8,3.5,4.5,,,,2.759,2.8203,4.011,4.2884,4.3309,4.2232,4.2243
42850,2.8,3.44,4.5,,,,2.7514,2.814,4.01,4.2839,4.3288,4.2217,4.2228
42849,2.75,3.44,4.6,,,,2.7157,2.79,4.01,4.2789,4.3276,4.2164,4.2175
42846,2.65,3.44,4.2,,,,2.6163,2.76,4.0095,4.2781,4.3254,4.2139,4.2145
42845,2.6,3.6,3.66,,,,2.5987,2.758,4.005,4.2725,4.3242,4.2096,4.2121
42844,2.6,3.8,3.65,,,,2.575,2.752,4.0008,4.2661,4.3225,4.2069,4.2113
42843,2.5,3.4,3.8,,,,2.486,2.7175,3.9978,4.2621,4.3145,4.1999,4.2023
42842,2.45,3.44,3.7,,,,2.444,2.69,3.9972,4.2609,4.3148,4.1989,4.2022
42839,2.4,2.9,3.4,,,,2.429,2.674,3.9972,4.2634,4.3177,4.1989,4.2013
42838,2.41,2.9,3.4,,,,2.413,2.6566,4.0016,4.2631,4.3166,4.1987,4.2022
42837,2.37,3,3.1,,,,2.3885,2.6631,4.0132,4.2653,4.316,4.1968,4.2011
42836,2.38,2.8,3.3,,,,2.408,2.687,4.0382,4.2774,4.322,4.1975,4.201
42835,2.4,2.9,3.2,,,,2.442,2.707,4.0746,4.2906,4.332,4.1977,4.201
42832,2.47,3,3.1,,,,2.4957,2.741,4.118,4.301,4.339,4.197,4.2
42831,2.55,3.4,3.5,,,,2.537,2.7506,4.1783,4.3183,4.345,4.197,4.2
42830,2.45,2.9,3,,,,2.4868,2.74,4.2525,4.3355,4.347,4.197,4.2
42826,2.45,2.65,3,,,,2.497,2.778,4.317,4.3642,4.351,4.197,4.2
42825,2.52,4.5,5.2,,,,2.5384,2.85,4.3501,4.393,4.35,4.195,4.2
42824,2.47,3.11,6.3,,,,2.507,2.821,4.3843,4.3995,4.349,4.1942,4.2006
42823,2.5,3.5,5.2,,,,2.521,2.81,4.3955,4.4135,4.353,4.1919,4.1952
42822,2.4,2.72,4.9,,,,2.448,2.791,4.4105,4.423,4.356,4.1883,4.1918
42821,2.4,3.2,3.5,,,,2.482,2.7993,4.4296,4.4364,4.3597,4.1829,4.1874
42818,2.55,3.2,5,,,,2.604,2.784,4.4581,4.4516,4.3663,4.1788,4.1835
42817,2.7,3.44,4.1,,,,2.657,2.807,4.4475,4.4396,4.3592,4.1772,4.1717
42816,2.65,5,4.2,,,,2.6507,2.791,4.3959,4.4077,4.346,4.1713,4.1649
42815,2.6,5.5,4.8,,,,2.6477,2.768,4.3558,4.3846,4.3218,4.1621,4.1559
42814,2.61,3.85,4,,,,2.6325,2.7471,4.3172,4.3711,4.3091,4.1504,4.1435
42811,2.7,3.44,4.3,,,,2.633,2.725,4.2775,4.3507,4.2909,4.134,4.1246
42810,2.4,3.8,3.7,,,,2.441,2.6938,4.2218,4.3267,4.2581,4.1094,4.1052
42809,2.36,3,3.6,,,,2.3869,2.656,4.1537,4.2933,4.2205,4.0837,4.0818
42808,2.35,3,3.5,,,,2.3761,2.652,4.1343,4.2925,4.2146,4.0764,4.0678
42807,2.33,2.9,3.5,,,,2.379,2.649,4.1226,4.2925,4.2054,4.0648,4.0614
42804,2.37,2.8,3.3,,,,2.4019,2.655,4.1153,4.2942,4.2031,4.0604,4.0551
42803,2.39,3,3.45,,,,2.4076,2.659,4.1126,4.2943,4.201,4.0567,4.0539
42802,2.4,3.1,3.45,,,,2.4061,2.655,4.1052,4.2932,4.201,4.0527,4.0536
42801,2.4,3.3,3.6,,,,2.4041,2.644,4.1016,4.2918,4.201,4.0516,4.0527
42800,2.4,2.9,3.5,,,,2.4033,2.646,4.0951,4.2925,4.201,4.051,4.0511
42797,2.3,2.8,3.3,,,,2.369,2.659,4.0851,4.2905,4.2002,4.0499,4.051
42796,2.45,3.1,3.65,,,,2.4611,2.732,4.083,4.2904,4.2,4.0487,4.0492
42795,2.5,3.24,4,,,,2.4943,2.729,4.0763,4.2881,4.1998,4.0454,4.0497
42794,2.5,3,4,,,,2.493,2.728,4.08,4.2841,4.196,4.0437,4.0467
42793,2.4,2.6,4,,,,2.4338,2.711,4.082,4.2804,4.1922,4.0353,4.0407
42790,2.44,3.34,3.69,,,,2.4756,2.725,4.091,4.2829,4.19,4.0334,4.0362
42789,2.55,3.34,3.85,,,,2.5271,2.716,4.093,4.284,4.1881,4.0245,4.0305
42788,2.5,3.03,4.5,,,,2.4845,2.706,4.085,4.2778,4.1824,4.0155,4.0225
42787,2.55,3.3,4.15,,,,2.483,2.691,4.082,4.2704,4.1755,4.0091,4.0102
42786,2.44,3.34,4.1,,,,2.4086,2.675,4.075,4.2622,4.1665,4.0057,4.0064
42783,2.4,3.34,3.8,,,,2.36,2.664,4.0652,4.2567,4.1567,4.0007,4.0005
42782,2.37,2.83,4,,,,2.333,2.6435,4.0516,4.2518,4.1463,3.9924,3.9906
42781,2.26,3.34,3.69,,,,2.2658,2.627,4.0312,4.2394,4.1381,3.9835,3.9846
42780,2.236,2.68,3.6,,,,2.261,2.6208,4.016,4.2148,4.1012,3.9668,3.968
42779,2.23,2.6,3,,,,2.264,2.623,4.0052,4.2029,4.07,3.9503,3.953
42776,2.25,2.6,3.2,,,,2.2678,2.6233,3.9938,4.1727,4.0217,3.9288,3.9352
42775,2.25,2.65,3.08,,,,2.272,2.634,3.9839,4.144,4.0045,3.9084,3.9168
42774,2.25,2.9,3.46,,,,2.2765,2.633,3.9601,4.1094,3.9722,3.8882,3.9019
42773,2.27,2.6,3.6,,,,2.281,2.6283,3.9304,4.016,3.9429,3.8751,3.882
42772,2.27,2.55,3.3,,,,2.278,2.628,3.9031,3.9497,3.9195,3.847,3.8542
42770,2.25,2.5,3,,,,2.2571,2.648,3.8907,3.9348,3.9039,3.8092,3.8214
42769,2.16,2.7,3,,,,2.218,2.652,3.8761,3.9175,3.878,3.7705,3.786
42761,2.6,2.7,3.55,,,,2.5293,2.691,3.851,3.8706,3.8377,3.7233,3.7396
42760,2.13,2.6,3.6,,,,2.165,2.684,3.8295,3.8551,3.8146,3.7005,3.7136
42759,2.13,2.85,3.59,,,,2.164,2.662,3.8142,3.8401,3.7802,3.6787,3.6905
42758,2.14,2.45,3.59,,,,2.175,2.637,3.8118,3.8401,3.774,3.6666,3.6847
42757,2.11,2.55,3.3,,,,2.189,2.607,3.808,3.8301,3.7628,3.6557,3.677
42755,2.37,3,3.1,,,,2.376,2.593,3.8196,3.8213,3.7427,3.647,3.6691
42754,2.72,2.5,3.6,,,,2.364,2.538,3.7951,3.803,3.7369,3.6398,3.6602
42753,2.7,3.2,3.35,,,,2.328,2.5042,3.7502,3.7491,3.6982,3.6272,3.6513
42752,2.4,2.33,3.599,,,,2.2563,2.4666,3.7116,3.7222,3.6812,3.6117,3.6321
42751,2.15,2.55,2.6,,,,2.142,2.4239,3.6852,3.7018,3.6617,3.5968,3.6102
42748,2.1,2.4,2.7,,,,2.104,2.398,3.6718,3.6874,3.6461,3.5872,3.6014
42747,2.13,2.4,2.65,,,,2.103,2.394,3.6387,3.6536,3.6201,3.572,3.5838
42746,2.13,2.45,2.7,,,,2.104,2.39,3.5662,3.5853,3.5809,3.5495,3.5674
42745,2.11,2.35,2.7,,,,2.096,2.399,3.5314,3.5526,3.5481,3.5247,3.5533
42744,2.04,2.35,2.68,,,,2.094,2.41,3.4738,3.5152,3.5093,3.4962,3.5329
42741,2.08,2.4,2.7,,,,2.112,2.441,3.4101,3.4388,3.438,3.4413,3.4882
42740,2.08,2.48,2.73,,,,2.13,2.474,3.3578,3.3384,3.345,3.367,3.4311
42739,2.13,2.56,2.66,,,,2.172,2.545,3.3223,3.2912,3.3094,3.3391,3.3904
42738,2.15,2.7,2.67,,,,2.209,2.589,3.3126,3.2813,3.3037,3.331,3.3833
42734,2.1,3.24,3.7,,,,2.23,2.543,3.3059,3.2726,3.2864,3.3192,3.3728
42733,2.13,3.24,6,,,,2.227,2.544,3.2988,3.2651,3.2835,3.3115,3.3675
42732,2.12,2.8,6,,,,2.246,2.545,3.2945,3.2592,3.2762,3.3018,3.361
42731,2.1,2.5,4.8,,,,2.264,2.547,3.2842,3.2512,3.2718,3.2973,3.3598
42730,2.15,2.5,4.5,,,,2.294,2.545,3.2716,3.2414,3.2672,3.2928,3.3575
42727,2.15,2.55,4,,,,2.323,2.543,3.2558,3.2337,3.2515,3.2873,3.3546
42726,2.2,2.7,3.2,,,,2.341,2.544,3.2371,3.2267,3.2442,3.2827,3.3455
42725,2.35,3,3.5,,,,2.345,2.544,3.221,3.2164,3.2312,3.2767,3.3349
42724,2.3,2.65,3.59,,,,2.345,2.5375,3.2,3.204,3.222,3.2661,3.3186
42723,2.3,3,3.59,,,,2.335,2.525,3.1695,3.1898,3.2099,3.2502,3.3059
42720,2.3,3.24,3.6,,,,2.33,2.519,3.1545,3.1774,3.1985,3.2418,3.2986
42719,2.28,2.5,3.5,,,,2.311,2.505,3.1245,3.1635,3.1842,3.2275,3.2855
42718,2.28,2.89,3.25,,,,2.3,2.499,3.1072,3.1568,3.1731,3.2082,3.2741
42717,2.25,2.6,3.2,,,,2.296,2.496,3.0916,3.1498,3.1607,3.1942,3.2606
42716,2.25,2.6,3,,,,2.292,2.494,3.0756,3.1377,3.1464,3.1816,3.246
42713,2.23,2.5,2.9,,,,2.2925,2.4928,3.056,3.1265,3.144,3.176,3.2391
42712,2.23,2.5,3,,,,2.2908,2.4908,3.03,3.1144,3.1399,3.1696,3.231
42711,2.23,2.5,3,,,,2.292,2.491,2.9996,3.1134,3.1383,3.1655,3.2197
42710,2.23,2.45,3,,,,2.299,2.493,2.9756,3.1039,3.1226,3.1442,3.2066
42709,2.236,2.6,3,,,,2.308,2.497,2.9457,3.0889,3.1057,3.1211,3.1853
42706,2.3,2.7,3.2,,,,2.32,2.501,2.9163,3.0686,3.0868,3.1001,3.173
42705,2.3,3.2,3.59,,,,2.325,2.502,2.893,3.0556,3.0771,3.0902,3.16
42704,2.35,3.24,4,,,,2.316,2.496,2.8697,3.0358,3.0604,3.0714,3.1491
42703,2.3,2.8,3.5,,,,2.302,2.481,2.8565,3.0172,3.0434,3.0535,3.131
42702,2.3,2.9,3.3,,,,2.298,2.466,2.8446,3.0113,3.0331,3.0445,3.1199
42699,2.3,2.9,3.2,,,,2.289,2.458,2.826,3.0026,3.0201,3.0349,3.1088
42698,2.28,2.8,3.2,,,,2.282,2.452,2.8199,2.9956,3.0104,3.0289,3.0976
42697,2.3,2.7,3.3,,,,2.277,2.451,2.8089,2.9857,3.0036,3.0184,3.0853
42696,2.29,2.7,3.2,,,,2.273,2.45,2.799,2.9765,2.996,3.014,3.0825
42695,2.3,2.65,3.05,,,,2.271,2.448,2.7894,2.9701,2.9852,3.0069,3.0782
42692,2.3,2.85,3.15,,,,2.265,2.444,2.7739,2.9505,2.9715,2.999,3.0712
42691,2.3,2.85,3.1,,,,2.259,2.436,2.7608,2.9325,2.9526,2.9888,3.0605
42690,2.3,2.85,3.2,,,,2.257,2.428,2.7545,2.9125,2.938,2.9792,3.054
42689,2.3,2.6,3,,,,2.247,2.415,2.7511,2.8955,2.9303,2.9738,3.049
42688,2.3,2.7,2.8,,,,2.231,2.407,2.7508,2.8846,2.923,2.968,3.048
42685,2.23,2.5,2.58,,,,2.211,2.402,2.7476,2.8751,2.9209,2.965,3.045
42684,2.25,2.45,2.6,,,,2.196,2.393,2.746,2.8701,2.9185,2.964,3.044
42683,2.13,2.4,2.5,,,,2.182,2.389,2.745,2.8655,2.9154,2.9635,3.0415
42682,2.12,2.35,2.55,,,,2.187,2.392,2.747,2.8648,2.9137,2.961,3.041
42681,2.1,2.45,2.5,,,,2.206,2.399,2.7489,2.8576,2.9112,2.9599,3.041
42678,2.12,2.4,2.51,,,,2.232,2.405,2.7489,2.8458,2.9064,2.9587,3.0408
42677,2.2,2.45,2.6,,,,2.245,2.408,2.749,2.838,2.9034,2.9562,3.038
42676,2.28,2.5,2.7,,,,2.2492,2.414,2.7509,2.8296,2.9032,2.952,3.035
42675,2.3,2.8,3,,,,2.252,2.416,2.7486,2.8254,2.902,2.952,3.032
42674,2.31,3,3,,,,2.253,2.418,2.7453,2.8233,2.9,2.951,3.032
42671,2.4,3,3.43,,,,2.254,2.415,2.7427,2.8221,2.898,2.9485,3.032
42670,2.3,3,3.3,,,,2.254,2.411,2.7365,2.8207,2.895,2.945,3.031
42669,2.3,2.8,3.4,,,,2.248,2.409,2.7347,2.8164,2.894,2.944,3.03
42668,2.42,2.7,3.3,,,,2.238,2.404,2.7265,2.814,2.893,2.943,3.03
42667,2.25,2.95,3.2,,,,2.231,2.404,2.7245,2.813,2.891,2.9409,3.029
42664,2.35,3,3.2,,,,2.222,2.401,2.7242,2.8096,2.8899,2.9387,3.028
42663,2.2,2.7,3.1,,,,2.208,2.397,2.7213,2.8054,2.8889,2.9361,3.028
42662,2.25,2.75,3.1,,,,2.196,2.39,2.7133,2.804,2.8887,2.9309,3.028
42661,2.25,2.5,3.07,,,,2.173,2.381,2.7121,2.804,2.887,2.9284,3.0275
42660,2.15,2.45,2.55,,,,2.159,2.375,2.7101,2.804,2.887,2.9284,3.0275
42657,2.14,2.4,2.52,,,,2.153,2.374,2.711,2.8025,2.887,2.9284,3.0275
42656,2.12,2.41,2.6,,,,2.151,2.378,2.7125,2.8025,2.8877,2.9284,3.0275
42655,2.11,2.39,2.6,,,,2.15,2.383,2.7148,2.8015,2.887,2.9284,3.0275
42654,2.1,2.36,2.55,,,,2.153,2.394,2.718,2.8015,2.887,2.9284,3.0275
42653,2.1,2.45,2.56,,,,2.162,2.41,2.725,2.8015,2.887,2.9284,3.0275
42652,2.1,2.3,2.4,,,,2.175,2.425,2.73,2.8015,2.887,2.9284,3.0275
42651,2.15,2.35,2.6,,,,2.193,2.442,2.736,2.8015,2.887,2.9284,3.0275
42643,2.31,2.55,2.83,,,,2.327,2.477,2.741,2.8015,2.887,2.9284,3.0265
42642,2.3,2.85,3.3,,,,2.188,2.487,2.743,2.8015,2.887,2.9284,3.0265
42641,2.3,2.6,3.2,,,,2.178,2.476,2.7396,2.8015,2.887,2.9284,3.0265
42640,2.2,2.49,2.75,,,,2.166,2.459,2.7353,2.8025,2.887,2.9284,3.0265
42639,2.17,2.44,2.8,,,,2.164,2.439,2.733,2.804,2.8899,2.9283,3.0265
42636,2.15,2.4,2.5,,,,2.1668,2.406,2.7298,2.804,2.8888,2.928,3.0275
42635,2.16,2.68,2.8,,,,2.168,2.408,2.7177,2.803,2.8875,2.9249,3.0275
42634,2.2,2.74,3,,,,2.167,2.405,2.7069,2.8009,2.8843,2.924,3.0275
42633,2.2,2.7,2.85,,,,2.159,2.4,2.699,2.799,2.8823,2.9248,3.0275
42632,2.23,2.56,2.65,,,,2.154,2.397,2.695,2.796,2.8822,2.9226,3.0275
42631,2.2,2.4,2.75,,,,2.14,2.394,2.6896,2.7919,2.8815,2.921,3.0275
42627,2.15,2.65,2.9,,,,2.128,2.392,2.686,2.7885,2.8794,2.921,3.0265
42626,2.15,2.5,2.75,,,,2.108,2.3855,2.6792,2.785,2.8789,2.921,3.0265
42625,2.13,2.35,2.5,,,,2.095,2.378,2.6767,2.7849,2.8789,2.921,3.0265
42622,2.1,2.3,2.55,,,,2.085,2.3765,2.677,2.7831,2.879,2.921,3.0255
42621,2.1,2.32,2.55,,,,2.081,2.37,2.6745,2.781,2.877,2.921,3.0255
42620,2.09,2.38,2.55,,,,2.0803,2.368,2.677,2.781,2.879,2.921,3.0265
42619,2.08,2.36,2.52,,,,2.077,2.368,2.682,2.7845,2.8805,2.92,3.0265
42618,2.08,2.4,2.5,,,,2.07,2.369,2.686,2.786,2.884,2.921,3.0255
42615,2.08,2.4,2.41,,,,2.066,2.369,2.69,2.788,2.886,2.924,3.0265
42614,2.07,2.4,2.48,,,,2.066,2.368,2.696,2.791,2.8895,2.9255,3.026
42613,2.07,2.35,2.6,,,,2.065,2.369,2.696,2.794,2.8915,2.9265,3.027
42612,2.1,2.35,2.63,,,,2.063,2.366,2.696,2.795,2.8915,2.9265,3.025
42611,2.09,2.44,2.65,,,,2.049,2.364,2.696,2.795,2.894,2.927,3.027
42608,2.05,2.6,2.75,,,,2.044,2.362,2.697,2.796,2.895,2.927,3.027
42607,2.03,2.6,3.13,,,,2.044,2.364,2.6998,2.795,2.896,2.927,3.027
42606,2.05,2.6,3.1,,,,2.043,2.362,2.6976,2.794,2.896,2.927,3.027
42605,2.03,2.4,2.8888,,,,2.033,2.352,2.696,2.793,2.895,2.926,3.026
42604,2.02,2.48,2.75,,,,2.0233,2.3467,2.6978,2.7944,2.8967,2.9267,3.0267
42601,2.03,2.5,2.75,,,,2.023,2.347,2.696,2.793,2.896,2.926,3.027
42600,2.02,2.5,2.7,,,,2.023,2.347,2.696,2.794,2.895,2.927,3.026
42599,2.02,2.5,2.65,,,,2.022,2.345,2.698,2.796,2.897,2.927,3.026
42598,2.02,2.45,2.65,,,,2.022,2.343,2.702,2.7995,2.898,2.9295,3.026
42597,2.02,2.5,2.65,,,,2.0233,2.3411,2.7056,2.8028,2.9,2.9318,3.0278
42594,2.03,2.5,2.67,,,,2.021,2.336,2.705,2.8045,2.9,2.9309,3.026
42593,2.03,2.6,2.75,,,,2.021,2.332,2.705,2.805,2.901,2.9335,3.027
42592,2.02,2.5,2.76,,,,2.017,2.325,2.709,2.8085,2.9045,2.9347,3.026
42591,2.02,2.4,2.65,,,,2.01,2.317,2.714,2.8105,2.9055,2.937,3.025
42590,2,2.4,2.6,,,,2.005,2.316,2.721,2.815,2.907,2.94,3.026
42587,2,2.4,2.62,,,,2.002,2.317,2.729,2.8185,2.9105,2.9445,3.028
42586,2,2.4,2.6,,,,2.002,2.324,2.739,2.822,2.917,2.9484,3.03
42585,2,2.35,2.63,,,,2.004,2.332,2.755,2.8335,2.9225,2.9535,3.0335
42584,2.008,2.37,2.67,,,,2.008,2.338,2.761,2.839,2.928,2.9595,3.0358
42583,2,2.4,2.7,,,,2.012,2.343,2.7665,2.844,2.934,2.9646,3.0378
42580,2.01,2.5,2.75,,,,2.017,2.348,2.773,2.846,2.936,2.9658,3.038
42579,2,2.6,2.95,,,,2.028,2.359,2.775,2.8465,2.9385,2.9656,3.039
42578,2.03,2.62,3,,,,2.038,2.36,2.777,2.849,2.9446,2.9705,3.041
42577,2.05,2.6,3,,,,2.037,2.348,2.779,2.851,2.9455,2.974,3.041
42576,2.02,2.4,3,,,,2.032,2.332,2.78,2.854,2.948,2.976,3.041
42573,2.03,2.4,2.9,,,,2.023,2.321,2.784,2.856,2.954,2.981,3.044
42572,2.02,2.4,2.8,,,,2.008,2.311,2.786,2.8575,2.955,2.982,3.046
42571,2.01,2.4,2.7,,,,2.005,2.308,2.794,2.8615,2.956,2.985,3.045
42570,2.01,2.37,2.65,,,,2.003,2.308,2.795,2.865,2.957,2.985,3.048
42569,2,2.35,2.6,,,,1.996,2.307,2.799,2.87,2.959,2.985,3.048
42566,2,2.42,2.6,,,,1.996,2.308,2.803,2.877,2.964,2.986,3.047
42565,2,2.4,2.58,,,,1.993,2.31,2.81,2.888,2.966,2.994,3.047
42564,2,2.44,2.62,,,,1.993,2.313,2.823,2.907,2.9715,2.996,3.049
42563,2,2.35,2.62,,,,1.994,2.319,2.837,2.924,2.975,2.997,3.05
42562,2,2.45,2.6,,,,1.996,2.323,2.845,2.931,2.9775,2.999,3.05
42559,2,2.4,2.62,,,,1.996,2.327,2.8495,2.936,2.983,3,3.05
42558,2,2.42,2.64,,,,1.997,2.33,2.8535,2.9455,2.987,3,3.05
42557,2,2.35,2.67,,,,1.999,2.337,2.856,2.953,2.989,3,3.05
42556,2,2.35,2.72,,,,2.007,2.344,2.86,2.9605,2.99,3.0012,3.05
42555,2,2.38,2.72,,,,2.014,2.355,2.869,2.9672,2.99,3.0012,3.05
42552,2.01,2.4,2.8,,,,2.027,2.365,2.877,2.9661,2.9899,3.0012,3.05
42551,2.04,2.7,2.9,,,,2.037,2.385,2.887,2.9659,2.9887,3.0012,3.05
42550,2.02,2.57,3.31,,,,2.038,2.386,2.89,2.9639,2.9865,3.0012,3.051
42549,2.02,2.43,3.5,,,,2.04,2.381,2.8899,2.9638,2.9845,3.0012,3.051
42548,2.02,2.39,3.4,,,,2.038,2.375,2.8886,2.9618,2.9845,3.0019,3.051
42545,2.02,2.37,3.22,,,,2.035,2.371,2.8852,2.9626,2.9825,2.9985,3.051
42544,2.02,2.4,3.03,,,,2.032,2.358,2.8813,2.9605,2.9835,2.9945,3.051
42543,2.02,2.37,3.05,,,,2.027,2.355,2.8768,2.9593,2.9835,2.9945,3.051
42542,2.01,2.31,2.92,,,,2.019,2.354,2.8728,2.9573,2.9845,2.9945,3.051
42541,2,2.31,2.83,,,,2.01,2.351,2.8675,2.9572,2.9845,2.9945,3.051
42538,2,2.35,2.7,,,,2.005,2.346,2.859,2.9568,2.9844,2.9945,3.05
42537,2,2.35,2.6,,,,2.002,2.343,2.8535,2.9523,2.9834,2.9945,3.05
42536,2,2.35,2.58,,,,2,2.341,2.844,2.9521,2.9834,2.994,3.05
42535,2,2.32,2.6,,,,2,2.341,2.844,2.9508,2.9834,2.9944,3.05
42534,2,2.35,2.58,,,,2,2.342,2.844,2.9476,2.9833,2.993,3.05
42533,1.99,2.3,2.6,,,,2,2.343,2.842,2.946,2.982,2.993,3.05
42529,2,2.45,2.6,,,,2,2.341,2.838,2.946,2.982,2.993,3.05
42528,2,2.4,2.61,,,,2,2.34,2.838,2.946,2.9834,2.9935,3.05
42527,2,2.4,2.6,,,,1.998,2.337,2.839,2.946,2.9833,2.992,3.05
42524,2,2.35,2.6,,,,1.999,2.338,2.835,2.947,2.9833,2.993,3.05
42523,2,2.34,2.65,,,,2.004,2.342,2.838,2.946,2.9823,2.992,3.05
42522,2,2.45,2.62,,,,2.006,2.337,2.842,2.946,2.9823,2.992,3.05
42521,2.01,2.4,2.63,,,,2.01,2.338,2.846,2.946,2.9822,2.992,3.05
42520,2,2.5,2.65,,,,2.002,2.334,2.846,2.9455,2.9822,2.992,3.05
42517,2.01,2.5,2.65,,,,2.001,2.333,2.846,2.942,2.9822,2.992,3.05
42516,2,2.5,2.7,,,,2.001,2.332,2.845,2.941,2.981,2.993,3.05
42515,2,2.42,2.71,,,,2.001,2.331,2.842,2.9385,2.982,2.993,3.05
42514,2,2.3,2.75,,,,2.002,2.33,2.842,2.933,2.9807,2.9908,3.05
42513,2,2.33,2.75,,,,2.004,2.33,2.84,2.93,2.9762,2.9865,3.05
42510,2,2.35,2.76,,,,2.008,2.331,2.839,2.9288,2.9716,2.9843,3.05
42509,2,2.4,2.8,,,,2.01,2.331,2.837,2.9273,2.9655,2.9823,3.05
42508,2.02,2.41,2.79,,,,2.011,2.332,2.839,2.9227,2.9636,2.9822,3.05
42507,2.02,2.35,2.7,,,,2.011,2.331,2.835,2.9158,2.9552,2.9812,3.049
42506,2,2.4,2.72,,,,2.005,2.327,2.834,2.9075,2.9516,2.981,3.047
42503,2,2.41,2.73,,,,2.002,2.324,2.834,2.9035,2.9452,2.979,3.045
42502,2,2.45,2.71,,,,2,2.325,2.835,2.8955,2.9418,2.979,3.044
42501,2,2.4,2.77,,,,1.999,2.324,2.838,2.894,2.9385,2.978,3.043
42500,2,2.4,2.8,,,,1.999,2.323,2.841,2.892,2.9345,2.977,3.042
42499,2,2.4,2.77,,,,1.999,2.323,2.841,2.892,2.9325,2.977,3.042
42496,2,2.4,2.76,,,,2,2.326,2.842,2.894,2.9335,2.977,3.042
42495,2,2.4,2.76,,,,2.001,2.329,2.846,2.896,2.9345,2.977,3.042
42494,2,2.45,2.8,,,,2,2.328,2.845,2.899,2.933,2.977,3.042
42493,2,2.37,2.82,,,,2.0033,2.34,2.8489,2.9044,2.93,2.9767,3.0422
42489,2.07,2.5,2.82,,,,2.049,2.386,2.853,2.908,2.927,2.975,3.042
42488,2.01,2.6,2.95,,,,2.021,2.368,2.8415,2.8925,2.9166,2.9712,3.042
42487,2.01,2.7,3,,,,2.024,2.346,2.833,2.883,2.912,2.9712,3.042
42486,2.02,2.4,3.16,,,,2.036,2.341,2.829,2.8775,2.907,2.9708,3.042
42485,2.06,2.45,3.2,,,,2.045,2.342,2.823,2.8735,2.904,2.967,3.042
42482,2.06,2.55,3.1,,,,2.038,2.334,2.8115,2.868,2.9025,2.9676,3.042
42481,2.01,2.4,3.03,,,,2.029,2.332,2.8055,2.861,2.8965,2.967,3.042
42480,2,2.4,3,,,,2.018,2.322,2.803,2.851,2.894,2.967,3.042
42479,2,2.3533,2.9,,,,2.004,2.305,2.8,2.85,2.894,2.9675,3.043
42478,1.99,2.35,2.85,,,,1.998,2.302,2.799,2.848,2.893,2.967,3.042
42475,1.99,2.41,2.7,,,,1.995,2.301,2.799,2.848,2.894,2.967,3.044
42474,2,2.44,2.75,,,,1.999,2.304,2.799,2.8487,2.8928,2.967,3.042
42473,2,2.5,2.7,,,,1.996,2.302,2.799,2.8485,2.8905,2.966,3.042
42472,1.99,2.38,2.69,,,,1.993,2.295,2.797,2.847,2.8875,2.965,3.043
42471,1.98,2.35,2.65,,,,1.985,2.291,2.797,2.8485,2.885,2.965,3.042
42468,1.98,2.35,2.68,,,,1.98,2.287,2.798,2.8455,2.8828,2.966,3.047
42467,1.98,2.36,2.7,,,,1.9783,2.289,2.8,2.847,2.8825,2.968,3.048
42466,1.98,2.35,2.75,,,,1.983,2.294,2.8068,2.845,2.8805,2.968,3.049
42465,1.98,2.36,2.89,,,,1.993,2.302,2.8212,2.846,2.878,2.9683,3.05
42461,2,2.45,3.35,,,,2.014,2.32,2.816,2.8385,2.872,2.969,3.051
42460,2.02,2.3,3.4,,,,2.017,2.325,2.807,2.8248,2.87,2.97,3.051
42459,2.01,2.4,3.06,,,,2.004,2.312,2.7665,2.8115,2.869,2.97,3.052
42458,2,2.28,3.3,,,,1.996,2.303,2.729,2.8002,2.866,2.97,3.054
42457,1.99,2.4,3.2,,,,1.992,2.301,2.706,2.797,2.868,2.971,3.055
42454,1.98,2.35,3.1,,,,1.989,2.3,2.702,2.797,2.87,2.9746,3.055
42453,2,2.38,3,,,,1.995,2.297,2.704,2.799,2.8792,2.978,3.055
42452,2,2.49,2.8,,,,2,2.301,2.7025,2.798,2.884,2.98,3.0555
42451,2.03,2.38,3,,,,2.007,2.305,2.699,2.797,2.887,2.985,3.058
42450,1.98,2.38,2.76,,,,1.998,2.302,2.692,2.795,2.892,2.992,3.0635
42447,2,2.31,3,,,,1.99,2.295,2.662,2.793,2.902,2.995,3.0685
42446,1.98,2.32,2.59,,,,1.97,2.288,2.662,2.791,2.916,3.003,3.078
42445,1.96,2.34,2.49,,,,1.956,2.282,2.6585,2.793,2.9302,3.011,3.09
42444,1.96,2.33,2.51,,,,1.953,2.281,2.659,2.793,2.936,3.011,3.091
42443,1.96,2.31,2.5,,,,1.949,2.281,2.659,2.793,2.94,3.014,3.093
42440,1.95,2.3,2.57,,,,1.945,2.282,2.666,2.799,2.949,3.016,3.0955
42439,1.95,2.32,2.52,,,,1.947,2.28,2.678,2.804,2.959,3.02,3.101
42438,1.96,2.31,2.51,,,,1.95,2.292,2.683,2.807,2.972,3.026,3.106
42437,1.95,2.33,2.51,,,,1.95,2.293,2.689,2.814,2.976,3.033,3.112
42436,1.95,2.33,2.55,,,,1.951,2.294,2.696,2.823,2.98,3.044,3.121
42433,1.95,2.3,2.5,,,,1.95,2.295,2.703,2.832,2.989,3.051,3.125
42432,1.95,2.3,2.56,,,,1.957,2.297,2.716,2.84,2.993,3.057,3.134
42431,1.96,2.34,2.66,,,,1.962,2.3,2.738,2.857,2.996,3.068,3.145
42430,1.96,2.4,2.8,,,,1.968,2.308,2.795,2.8835,3.01,3.078,3.1735
42429,1.97,2.4,2.88,,,,2.007,2.335,2.8,2.899,3.022,3.089,3.186
42426,2,2.32,3.16,,,,2.048,2.345,2.785,2.899,3.03,3.097,3.192
42425,2.1,2.3,2.75,,,,2.004,2.321,2.757,2.899,3.0252,3.097,3.197
42424,1.97,2.41,2.53,,,,1.956,2.295,2.759,2.901,3.0255,3.103,3.204
42423,1.94,2.32,2.48,,,,1.933,2.283,2.775,2.927,3.0402,3.11,3.21
42422,1.93,2.31,2.45,,,,1.934,2.286,2.801,2.947,3.056,3.123,3.219
42419,1.92,2.32,2.47,,,,1.938,2.286,2.839,2.967,3.074,3.139,3.234
42418,1.93,2.35,2.54,,,,1.951,2.285,2.884,3.004,3.1,3.155,3.25
42417,1.96,2.37,2.54,,,,1.968,2.297,2.938,3.014,3.1,3.156,3.25
42416,1.966,2.42,2.56,,,,1.974,2.297,2.957,3.029,3.1,3.158,3.25
42415,1.97,2.36,2.49,,,,1.977,2.3,2.979,3.041,3.104,3.163,3.25
42414,1.95,2.27,2.45,,,,1.978,2.313,2.999,3.0495,3.1065,3.1665,3.251
42406,2.26,2.26,2.4,,,,2.281,2.353,3.044,3.058,3.1075,3.169,3.251
42405,1.95,2.36,2.8,,,,1.984,2.448,3.079,3.06,3.108,3.1742,3.25
42404,1.98,2.44,3,,,,1.983,2.455,3.089,3.061,3.109,3.177,3.253
42403,1.97,2.39,3.1,,,,1.983,2.453,3.095,3.071,3.113,3.178,3.262
42402,1.98,2.42,3.05,,,,1.984,2.455,3.101,3.081,3.1195,3.184,3.265
42401,1.97,2.42,2.95,,,,1.987,2.444,3.127,3.082,3.1188,3.184,3.265
42398,1.97,2.3,2.85,,,,1.989,2.33,3.168,3.103,3.1225,3.1836,3.265
42397,1.98,2.4,2.95,,,,1.992,2.362,3.134,3.107,3.1205,3.1806,3.265
42396,2,2.4,2.95,,,,1.995,2.359,3.092,3.104,3.121,3.181,3.265
42395,1.98,2.45,3,,,,1.997,2.363,3.057,3.073,3.1235,3.1842,3.2682
42394,1.97,2.38,2.91,,,,2.009,2.376,3.019,3.0415,3.118,3.18,3.259
42391,2.05,2.48,3.7,,,,2.028,2.4,2.99,3.031,3.113,3.178,3.256
42390,2,2.5,3.8,,,,2.014,2.405,2.918,2.986,3.103,3.174,3.253
42389,2.02,2.45,3.2,,,,1.983,2.341,2.874,2.9705,3.104,3.172,3.253
42388,1.96,2.44,2.8,,,,1.959,2.316,2.881,2.976,3.105,3.174,3.25
42387,1.94,2.35,2.61,,,,1.954,2.308,2.886,2.985,3.118,3.188,3.2705
42384,1.95,2.4,2.65,,,,1.956,2.303,2.899,3.008,3.136,3.211,3.295
42383,1.95,2.4,2.68,,,,1.95,2.3,2.931,3.027,3.152,3.232,3.318
42382,1.94,2.39,2.7,,,,1.95,2.3,2.967,3.041,3.163,3.24,3.3345
42381,1.94,2.36,2.7,,,,1.951,2.3,2.998,3.053,3.172,3.246,3.34
42380,1.95,2.4,2.75,,,,1.951,2.303,2.998,3.0585,3.1783,3.248,3.344
42377,1.95,2.35,2.85,,,,1.958,2.308,2.999,3.067,3.1856,3.249,3.345
42376,1.97,2.4,2.9,,,,1.966,2.313,2.9995,3.0746,3.191,3.25,3.346
42375,1.98,2.5,2.85,,,,1.98,2.322,3,3.082,3.194,3.25,3.347
42374,2.03,2.45,3.07,,,,1.998,2.33,3.001,3.086,3.2,3.25,3.35
42373,2,2.4,2.9,,,,1.995,2.335,3.001,3.086,3.2,3.25,3.35
42369,2.1,2.4,2.9,,,,1.991,2.355,3.002,3.0852,3.2,3.25,3.35
42368,1.92,2.5,3.1,,,,1.935,2.352,3.004,3.0882,3.2,3.25,3.35
42367,1.92,2.5,3.5,,,,1.935,2.352,3.005,3.0882,3.2,3.25,3.35
42366,1.92,2.4,3.6,,,,1.939,2.354,3.0065,3.0878,3.2,3.25,3.35
42363,1.92,2.35,3.3,,,,1.934,2.355,3.004,3.0825,3.2,3.25,3.35
42362,1.92,2.35,2.97,,,,1.924,2.348,3,3.0774,3.2,3.25,3.35
42361,1.9,2.4,2.93,,,,1.903,2.348,2.987,3.0735,3.2,3.25,3.35
42360,1.88,2.41,2.82,,,,1.875,2.342,2.944,3.0611,3.2,3.25,3.35
42359,1.84,2.49,2.74,,,,1.843,2.334,2.891,3.0551,3.2,3.25,3.3503
42356,1.82,2.45,2.76,,,,1.816,2.318,2.822,3.0501,3.2,3.25,3.35
42355,1.78,2.43,2.68,,,,1.793,2.299,2.762,3.0481,3.2,3.25,3.35
42354,1.78,2.4,2.6,,,,1.79,2.301,2.742,3.0475,3.2,3.25,3.35
42353,1.78,2.41,2.63,,,,1.788,2.299,2.721,3.051,3.2,3.25,3.35
42352,1.78,2.4,2.61,,,,1.788,2.303,2.7,3.0461,3.2,3.25,3.35
42349,1.78,2.37,2.62,,,,1.788,2.302,2.701,3.051,3.2,3.25,3.35
42348,1.78,2.4,2.69,,,,1.789,2.297,2.701,3.046,3.2,3.25,3.35
42347,1.78,2.35,2.68,,,,1.789,2.294,2.7,3.047,3.2,3.25,3.35
42346,1.78,2.36,2.67,,,,1.786,2.292,2.7,3.051,3.2,3.25,3.35
42345,1.77,2.35,2.63,,,,1.784,2.291,2.7,3.048,3.2,3.25,3.35
42342,1.78,2.36,2.64,,,,1.787,2.293,2.7,3.043,3.2,3.25,3.35
42341,1.78,2.35,2.62,,,,1.787,2.292,2.7,3.043,3.2,3.25,3.35
42340,1.77,2.38,2.8,,,,1.786,2.293,2.7,3.042,3.2,3.25,3.35
42339,1.77,2.38,2.67,,,,1.788,2.294,2.7,3.047,3.2,3.25,3.35
42338,1.77,2.32,2.62,,,,1.788,2.299,2.7,3.05,3.2,3.25,3.35
42335,1.77,2.37,2.78,,,,1.786,2.293,2.7,3.05,3.2,3.25,3.35
42334,1.78,2.38,2.7,,,,1.785,2.289,2.7,3.05,3.2,3.25,3.3503
42333,1.78,2.33,2.65,,,,1.785,2.286,2.7,3.05,3.2,3.25,3.35
42332,1.77,2.3,2.7,,,,1.785,2.285,2.7,3.05,3.2,3.25,3.3503
42331,1.77,2.3,2.76,,,,1.785,2.283,2.701,3.046,3.2,3.25,3.3503
42328,1.78,2.29,2.7,,,,1.784,2.282,2.7,3.044,3.198,3.25,3.35
42327,1.78,2.32,2.62,,,,1.785,2.28,2.698,3.044,3.197,3.25,3.35
42326,1.78,2.3,2.75,,,,1.781,2.279,2.695,3.0441,3.198,3.25,3.35
42325,1.78,2.33,2.65,,,,1.782,2.278,2.692,3.04,3.198,3.25,3.35
42324,1.76,2.3,2.6,,,,1.784,2.279,2.697,3.038,3.2,3.25,3.3508
42321,1.77,2.3,2.64,,,,1.786,2.278,2.697,3.034,3.2,3.25,3.3508
42320,1.77,2.32,2.62,,,,1.784,2.279,2.7,3.034,3.2,3.25,3.35
42319,1.77,2.3,2.61,,,,1.782,2.279,2.705,3.034,3.2,3.25,3.35
42318,1.76,2.31,2.61,,,,1.783,2.28,2.706,3.034,3.199,3.25,3.351
42317,1.76,2.3,2.62,,,,1.786,2.285,2.711,3.033,3.198,3.25,3.35
42314,1.76,2.32,2.61,,,,1.787,2.285,2.719,3.0355,3.2,3.253,3.35
42313,1.76,2.31,2.64,,,,1.787,2.288,2.733,3.0405,3.205,3.257,3.35
42312,1.76,2.35,2.6,,,,1.79,2.293,2.737,3.0415,3.213,3.262,3.351
42311,1.76,2.35,2.63,,,,1.792,2.29,2.747,3.0425,3.217,3.265,3.354
42310,1.76,2.33,2.63,,,,1.793,2.291,2.755,3.042,3.222,3.271,3.355
42307,1.76,2.34,2.62,,,,1.798,2.291,2.7645,3.036,3.2265,3.28,3.3575
42306,1.76,2.34,2.63,,,,1.798,2.291,2.786,3.036,3.238,3.293,3.364
42305,1.76,2.3,2.63,,,,1.796,2.292,2.796,3.038,3.249,3.304,3.371
42304,1.76,2.28,2.65,,,,1.8,2.297,2.824,3.047,3.272,3.318,3.384
42303,1.81,2.37,2.69,,,,1.84,2.338,2.888,3.084,3.298,3.328,3.392
42300,1.89,2.4,2.77,,,,1.909,2.401,3.023,3.144,3.351,3.361,3.418
42299,1.88,2.39,2.7,,,,1.904,2.396,3.03,3.157,3.351,3.361,3.418
42298,1.88,2.39,2.73,,,,1.905,2.394,3.034,3.169,3.351,3.361,3.419
42297,1.9,2.4,2.75,,,,1.903,2.394,3.049,3.175,3.351,3.361,3.418
42296,1.88,2.4,2.7,,,,1.902,2.395,3.057,3.1783,3.35,3.361,3.416
42293,1.88,2.4,2.72,,,,1.899,2.394,3.066,3.1826,3.346,3.36,3.415
42292,1.88,2.41,2.7,,,,1.901,2.397,3.074,3.1846,3.3525,3.361,3.415
42291,1.88,2.43,2.7,,,,1.9,2.397,3.087,3.186,3.353,3.361,3.414
42290,1.88,2.4,2.73,,,,1.9,2.397,3.09,3.1825,3.3481,3.361,3.413
42289,1.88,2.37,2.71,,,,1.902,2.397,3.094,3.173,3.3526,3.3627,3.414
42287,1.88,2.36,2.7,,,,1.904,2.401,3.095,3.1656,3.3509,3.3645,3.414
42286,1.87,2.42,2.73,,,,1.906,2.4,3.095,3.1585,3.3458,3.3587,3.414
42285,1.87,2.37,2.71,,,,1.909,2.4,3.092,3.1515,3.3408,3.3517,3.414
42277,1.98,2.36,2.82,,,,1.989,2.408,3.091,3.153,3.341,3.3517,3.413
42276,1.89,2.51,2.75,,,,1.907,2.419,3.091,3.153,3.3436,3.3517,3.413
42275,1.89,2.35,2.75,,,,1.91,2.431,3.088,3.152,3.3398,3.3515,3.413
42272,1.88,2.37,2.74,,,,1.907,2.447,3.087,3.153,3.3418,3.3492,3.413
42271,1.88,2.45,2.73,,,,1.909,2.48,3.094,3.1518,3.3405,3.346,3.413
42270,1.88,2.34,2.71,,,,1.908,2.401,3.086,3.1468,3.336,3.3436,3.413
42269,1.88,2.37,2.7,,,,1.908,2.397,3.075,3.1448,3.332,3.341,3.413
42268,1.88,2.36,2.63,,,,1.901,2.391,3.071,3.141,3.327,3.336,3.413
42265,1.88,2.4,2.62,,,,1.9,2.39,3.053,3.1355,3.3257,3.3346,3.413
42264,1.87,2.37,2.53,,,,1.899,2.391,3.037,3.1268,3.3242,3.3335,3.413
42263,1.88,2.39,2.54,,,,1.9,2.391,3.018,3.116,3.324,3.3335,3.413
42262,1.88,2.37,2.56,,,,1.899,2.392,3.005,3.113,3.319,3.3305,3.412
42261,1.87,2.36,2.57,,,,1.899,2.394,3.003,3.106,3.3105,3.325,3.411
42258,1.87,2.35,2.67,,,,1.9001,2.403,3.005,3.097,3.311,3.3235,3.411
42257,1.87,2.43,2.64,,,,1.899,2.4,3.008,3.093,3.302,3.318,3.41
42256,1.86,2.38,2.57,,,,1.896,2.398,3.01,3.092,3.301,3.3146,3.4143
42255,1.87,2.41,2.6,,,,1.897,2.402,3.018,3.095,3.288,3.3112,3.409
42254,1.88,2.4,2.63,,,,1.904,2.41,3.04,3.099,3.2739,3.3072,3.401
42253,1.86,2.37,2.92,,,,1.901,2.41,3.05,3.104,3.2738,3.3052,3.401
42249,2.02,2.48,2.96,,,,2.031,2.421,3.052,3.1026,3.2715,3.304,3.401
42248,1.8,2.4,2.94,,,,1.821,2.41,3.052,3.1026,3.271,3.3018,3.404
42247,1.77,2.42,2.97,,,,1.801,2.398,3.034,3.1,3.2645,3.2935,3.401
42244,1.75,2.38,2.96,,,,1.774,2.392,2.999,3.098,3.2595,3.2895,3.4
42243,1.72,2.33,3,,,,1.759,2.398,2.958,3.096,3.259,3.2865,3.4
42242,1.74,2.39,2.9,,,,1.786,2.429,2.951,3.0975,3.2575,3.2825,3.4
42241,1.85,2.56,2.8,,,,1.879,2.593,2.858,3.091,3.243,3.2865,3.4
42240,1.84,2.53,2.68,,,,1.866,2.597,2.81,3.09,3.233,3.283,3.4
42237,1.82,2.56,2.72,,,,1.847,2.599,2.789,3.09,3.2235,3.275,3.3987
42236,1.81,2.59,2.7,,,,1.83,2.586,2.759,3.093,3.2135,3.2735,3.3957
42235,1.77,2.52,2.66,,,,1.788,2.546,2.707,3.094,3.207,3.2655,3.3947
42234,1.73,2.49,2.58,,,,1.745,2.531,2.699,3.093,3.2037,3.2642,3.3945
42233,1.68,2.48,2.56,,,,1.701,2.517,2.691,3.091,3.2052,3.26,3.3925
42230,1.65,2.48,2.6,,,,1.667,2.495,2.671,3.097,3.2003,3.26,3.3925
42229,1.62,2.45,2.53,,,,1.641,2.481,2.646,3.101,3.2003,3.26,3.3925
42228,1.59,2.44,2.51,,,,1.614,2.472,2.646,3.1125,3.2003,3.26,3.3925
42227,1.57,2.4,2.53,,,,1.586,2.463,2.668,3.118,3.2006,3.26,3.3935
42226,1.55,2.42,2.52,,,,1.557,2.455,2.711,3.1223,3.201,3.26,3.3935
42223,1.53,2.44,2.53,,,,1.529,2.453,2.754,3.127,3.2042,3.26,3.3935
42222,1.5,2.3,2.63,,,,1.517,2.449,2.799,3.137,3.199,3.26,3.3935
42221,1.49,2.41,2.64,,,,1.508,2.471,2.844,3.143,3.1927,3.26,3.3934
42220,1.48,2.43,2.64,,,,1.497,2.483,2.904,3.15,3.1845,3.26,3.3924
42219,1.47,2.45,2.66,,,,1.488,2.495,2.971,3.153,3.1807,3.26,3.3924
42216,1.46,2.47,2.69,,,,1.47,2.509,2.988,3.1575,3.1758,3.26,3.3924
42215,1.44,2.48,2.69,,,,1.448,2.502,3.008,3.1605,3.1768,3.26,3.3924
42214,1.42,2.46,2.7,,,,1.427,2.514,3.013,3.1635,3.1767,3.26,3.3923
42213,1.38,2.44,2.82,,,,1.388,2.552,3.03,3.1638,3.1753,3.2601,3.3924
42212,1.37,2.52,2.89,,,,1.374,2.559,3.037,3.1645,3.1708,3.26,3.3923
42209,1.33,2.53,2.9,,,,1.337,2.559,3.012,3.1635,3.1656,3.26,3.3922
42208,1.31,2.56,2.9,,,,1.332,2.54,3.02,3.16,3.1647,3.2601,3.3912
42207,1.3,2.5,2.9,,,,1.323,2.478,3.018,3.1563,3.1642,3.2601,3.3912
42206,1.29,2.45,2.89,,,,1.304,2.458,3.017,3.1512,3.1611,3.2601,3.3912
42205,1.27,2.4,2.88,,,,1.29,2.449,3.0322,3.1505,3.1601,3.26,3.3912
42202,1.45,2.53,2.98,,,,1.282,2.464,3.051,3.152,3.1601,3.26,3.3912
42201,1.35,2.5,3,,,,1.263,2.481,3.053,3.155,3.1601,3.26,3.3912
42200,1.4,2.5,3,,,,1.245,2.55,3.0785,3.1598,3.1601,3.2601,3.3911
42199,1.41,2.55,2.97,,,,1.238,2.556,3.102,3.1642,3.1601,3.26,3.3901
42198,1.4,2.58,2.91,,,,1.224,2.553,3.109,3.1709,3.1601,3.2601,3.3897
42195,1.38,2.58,2.82,,,,1.21,2.575,3.125,3.177,3.1602,3.2603,3.3868
42194,1.32,2.57,2.9,,,,1.198,2.578,3.14,3.182,3.1615,3.2614,3.3867
42193,1.35,2.61,3.1,,,,1.187,2.589,3.155,3.186,3.1635,3.2625,3.3858
42192,1.26,2.6,2.98,,,,1.176,2.61,3.181,3.192,3.1638,3.2638,3.386
42191,1.23,2.78,3.16,,,,1.167,2.661,3.215,3.203,3.166,3.266,3.387
42188,1.3,2.9,3.32,,,,1.159,2.802,3.274,3.202,3.1681,3.2686,3.387
42187,1.24,2.87,3.3,,,,1.1608,2.712,3.314,3.212,3.1696,3.272,3.387
42186,1.3,2.75,3.45,,,,1.163,2.602,3.373,3.213,3.174,3.2755,3.3865
42185,1.234,2.56,3.25,,,,1.257,2.652,3.521,3.233,3.18,3.281,3.392
42184,1.4,2.75,3.35,,,,1.34,2.84,3.58,3.248,3.184,3.283,3.392
42181,1.45,3,3.62,,,,1.357,2.921,3.634,3.277,3.199,3.299,3.4
42180,1.43,3.02,4,,,,1.357,2.884,3.571,3.25,3.199,3.2988,3.4
42179,1.51,2.87,3.66,,,,1.338,2.808,3.446,3.211,3.197,3.2978,3.4
42178,1.47,2.86,3.5,,,,1.295,2.675,3.361,3.173,3.193,3.2967,3.4
42174,1.5,2.73,3.38,,,,1.267,2.674,3.359,3.105,3.1896,3.2957,3.4
42173,1.4,2.7,3.06,,,,1.202,2.478,3.308,3.054,3.1853,3.2956,3.4
42172,1.33,2.41,2.89,,,,1.151,2.238,3.108,2.999,3.1823,3.2958,3.4
42171,1.21,2.3,2.76,,,,1.131,2.143,3.099,2.981,3.1823,3.297,3.4
42170,1.17,2.2402,2.71,,,,1.121,2.11,3.098,2.96,3.1815,3.297,3.4
42167,1.19,2.22,2.76,,,,1.104,2.085,3.057,2.921,3.184,3.3,3.4
42166,1.14,2.1,2.55,,,,1.09,2.063,2.84,2.909,3.186,3.306,3.4
42165,1.17,2.12,2.41,,,,1.083,2.052,2.767,2.902,3.19,3.318,3.4
42164,1.17,2.08,2.4,,,,1.071,2.049,2.647,2.902,3.197,3.331,3.4
42163,1.14,2.06,2.4,,,,1.061,2.043,2.548,2.887,3.197,3.334,3.4
42160,1.2,2.06,2.45,,,,1.051,2.07,2.365,2.885,3.197,3.338,3.4
42159,1.15,2.23,2.64,,,,1.047,2.122,2.354,2.8825,3.1953,3.337,3.402
42158,1.21,2.22,2.9,,,,1.039,2.057,2.326,2.871,3.191,3.337,3.408
42157,1.12,2.25,2.62,,,,1.034,1.977,2.296,2.862,3.189,3.347,3.4175
42156,1.1,2.01,2.38,,,,1.027,1.963,2.29,2.8565,3.197,3.356,3.43
42153,1.15,2.08,2.4,,,,1.039,1.972,2.276,2.864,3.211,3.376,3.444
42152,1.11,2.03,2.27,,,,1.043,1.952,2.271,2.865,3.232,3.402,3.463
42151,1.18,2,2.3,,,,1.04,1.967,2.273,2.869,3.277,3.453,3.511
42150,1.13,1.97,2.27,,,,1.04,1.9688,2.268,2.881,3.344,3.538,3.574
42149,1.13,2.0058,2.17,,,,1.039,1.968,2.302,2.903,3.445,3.681,3.692
42146,1.17,2.01,2.2,,,,1.037,1.966,2.389,2.959,3.561,3.8625,3.866
42145,1.21,1.99,2.4,,,,1.033,1.944,2.457,3.014,3.595,3.9,3.948
42144,1.18,1.98,2.33,,,,1.032,1.932,2.514,3.071,3.648,3.939,4.024
42143,1.16,1.91,2.42,,,,1.033,1.925,2.57,3.156,3.7,3.979,4.115
42142,1.08,2,2.37,,,,1.052,1.92,2.664,3.2,3.772,4.022,4.171
42139,1.16,1.92,2.37,,,,1.078,1.962,2.802,3.323,3.875,4.097,4.241
42138,1.28,2,2.48,,,,1.182,2.056,2.957,3.482,3.962,4.1805,4.3115
42137,1.31,2.09,2.6,,,,1.247,2.149,3.042,3.634,4.046,4.2553,4.3845
42136,1.36,2.16,2.65,,,,1.29,2.197,3.083,3.681,4.09,4.292,4.415
42135,1.42,2.35,2.65,,,,1.345,2.245,3.12,3.735,4.125,4.335,4.453
42132,1.51,2.37,2.8,,,,1.443,2.334,3.211,3.7985,4.1831,4.396,4.5
42131,1.6,2.4,2.96,,,,1.489,2.355,3.241,3.823,4.212,4.4198,4.515
42130,1.65,2.5,3.1,,,,1.523,2.369,3.267,3.846,4.23,4.4378,4.533
42129,1.65,2.52,3,,,,1.564,2.368,3.302,3.8815,4.2565,4.4567,4.5455
42128,1.63,2.43,3,,,,1.619,2.39,3.38,3.923,4.294,4.477,4.5628
42124,1.72,2.45,3.06,,,,1.69,2.43,3.465,3.97,4.324,4.4905,4.5816
42123,1.77,2.51,3.15,,,,1.739,2.439,3.5295,4.035,4.3553,4.5102,4.5965
42122,1.8,2.48,3.1,,,,1.759,2.438,3.5982,4.08,4.4035,4.53,4.6075
42121,1.85,2.47,3.1,,,,1.806,2.451,3.6705,4.161,4.4676,4.5595,4.6278
42118,1.89,2.6,3.09,,,,1.851,2.488,3.768,4.2641,4.5085,4.5895,4.643
42117,1.97,2.57,3.27,,,,1.908,2.527,3.842,4.3431,4.539,4.604,4.6688
42116,1.99,2.61,3.2,,,,1.949,2.567,3.908,4.4161,4.596,4.6298,4.6935
42115,2.07,2.64,3.2,,,,2.002,2.62,4.015,4.4845,4.6461,4.6667,4.7265
42114,2.1,2.81,3.26,,,,2.087,2.732,4.146,4.6133,4.6978,4.7094,4.7553
42111,2.35,2.93,3.43,,,,2.268,2.873,4.314,4.703,4.7485,4.7456,4.7758
42110,2.38,3.03,3.4,,,,2.298,2.884,4.346,4.72,4.7585,4.7467,4.7753
42109,2.46,3,3.39,,,,2.307,2.88,4.384,4.7365,4.769,4.7474,4.7773
42108,2.44,3,3.42,,,,2.372,2.92,4.442,4.7535,4.77,4.7467,4.7773
42107,2.45,2.96,3.39,,,,2.405,2.949,4.4983,4.7667,4.7733,4.7467,4.7774
42104,2.5,3,3.45,,,,2.489,2.97,4.5582,4.7821,4.7755,4.7468,4.7785
